amount,hour_of_day,device_risk,location_risk,is_fraud
52.83056176139763,16,0,0.4516389955188379,0
434.98060755683093,8,0,0.8567299465058974,0
192.98227619378684,1,0,0.9440947859303646,1
144.28869320271653,17,0,0.33594615337893385,0
43.71542309401693,8,0,0.5606944813756801,0
10.0,5,0,0.09505653683256443,0
38.82958667049253,10,1,0.200469047766359,0
296.26215765113955,5,0,0.4134657667101601,0
137.43497715712098,5,0,0.20620271590177885,0
169.7432756727321,12,0,0.8765604907887176,0
10.0,10,0,0.15828625605909807,0
543.2145292009678,13,0,0.45566082155309195,1
282.7013094450499,1,1,0.6056992404598757,0
30.176592644977784,7,0,0.6918639081608444,0
31.441662656946942,2,0,0.38306936972650674,0
40.71049777892055,22,0,0.8690990687247285,0
23.162142281340714,20,0,0.5683191510779255,0
101.00812108220227,2,0,0.4395077804475518,0
100.71585360948704,0,0,0.06724063405203662,0
26.54766041970624,23,0,0.464689468445165,0
147.8267897283024,18,1,0.8207358408157303,1
10.0,17,0,0.6145410182213155,0
61.155926449030865,16,0,0.8321624537291183,0
67.7287530871774,19,0,0.4940116705993056,0
59.03756686085606,23,0,0.11846170509448184,0
253.9851887437802,12,0,0.01363984583588107,0
18.718547783342558,2,0,0.3032195467185912,0
92.09932451468153,0,1,0.6979904714977925,0
138.63709214108295,3,1,0.7902599039416938,1
30.107324452035584,12,1,0.2957528346203294,0
119.98351671787358,16,0,0.4956539208832471,0
29.277784793571897,10,0,0.4211189044340816,0
18.665919638507095,1,0,0.41052278435142786,1
459.91528117130247,15,0,0.2313487132001505,0
509.12338247472036,1,0,0.13637110502945837,1
240.50917914026508,18,0,0.19668855823121312,0
37.94137458233935,22,0,0.0553323871633461,0
17.13947491130343,18,0,0.19813074182357704,0
151.46983422508714,15,0,0.009200897625379456,0
28.586616717917607,21,0,0.6272584006359783,0
28.25403117632065,18,0,0.3163754073876829,0
120.61078104184644,8,0,0.9731447114269086,1
10.0,0,0,0.19371705077629786,0
339.8688190147548,9,0,0.3458285703095939,1
57.30175174620687,18,0,0.3578411586415332,0
204.088279178981,0,0,0.00845149606246054,0
56.44786140215171,1,0,0.8392079530394589,1
95.5565755618016,15,0,0.03199446014432472,0
115.02564087517283,11,0,0.9401798347292414,1
58.15581830914956,7,0,0.8920743510936207,1
511.00178632794325,22,0,0.5355219160859636,0
207.85296643771605,17,0,0.5435955749112921,0
411.1092924500967,1,1,0.6537779229561563,1
318.75622746495526,12,0,0.387050011934887,0
139.11156817738717,5,0,0.6472222833978555,0
414.90887605980197,20,0,0.04476838868848687,0
20.359904305287927,5,0,0.05404762734972657,0
27.673134152164366,8,0,0.45723041961954436,0
10.0,15,0,0.5496223011060349,0
27.765996846529884,10,1,0.887817640335819,0
91.48173931207597,6,0,0.10466063390789626,0
45.92732254106782,9,0,0.8226479271938894,0
261.0740815143276,9,0,0.2100473372920696,0
130.04620128637774,19,1,0.39408364851003186,0
55.44548418745111,17,0,0.3166024348274129,0
102.32524147925821,23,0,0.400155272865399,0
14.25757024898346,19,0,0.15049549807258555,0
266.0414535501448,8,0,0.503570074403555,0
13.886788532451641,14,0,0.8016425898313673,0
621.3563913717506,3,0,0.44153401037889695,0
240.30714512773076,7,0,0.4906135758981991,0
19.868034365103014,8,0,0.8487675852813142,1
38.29656858074123,12,1,0.7060581146380308,0
275.08547793721186,8,0,0.4904544085197847,0
175.11794819488168,3,1,0.25769564818917967,0
221.46976355290212,16,0,0.8849267468449666,1
222.63928911707507,15,0,0.5770204016905583,1
28.594863329513842,14,0,0.2211476101106934,0
76.27855720832437,2,0,0.26911975263801036,1
10.0,19,0,0.8031330889362459,0
285.4084391023842,4,0,0.04414556208745546,0
167.04439510847934,22,0,0.9920921870288201,0
53.57731354556433,4,0,0.13035167971479178,0
10.0,19,0,0.7960685253969374,1
36.770800974566,14,0,0.39477531677168287,0
67.46911328948892,17,0,0.49221618328746686,1
237.43186597852403,14,0,0.8806505774645779,1
130.88274555381753,1,1,0.41291118958921325,0
327.8221759936824,12,0,0.5374937536732345,1
124.10433111475506,3,0,0.04929966240916994,0
17.513031217410983,9,0,0.0023474738674531537,0
196.4163875724846,12,0,0.2447998730017259,0
193.311042398592,9,1,0.6805830929187673,1
132.1492661770273,8,0,0.1212648933591367,0
217.34060970811367,7,0,0.11376195880454942,1
121.83680964013894,2,0,0.4109606080359033,0
134.69954684788507,15,0,0.6478370386082265,0
135.46340192663638,13,1,0.7120719922479305,0
15.454829562788573,8,0,0.17845067409837478,0
23.641041610423205,20,0,0.07958814737204245,0
10.0,10,0,0.9403970339455442,0
144.69610678291866,2,0,0.26066638256210173,1
63.3791831884988,4,0,0.8533464976087238,1
100.65754836734793,9,0,0.8634914504628183,0
360.5590490022886,12,0,0.7725225917625445,0
69.36277415965395,3,1,0.16883360665257008,0
59.11144492680806,23,0,0.8218014592542003,0
234.1099433533684,12,0,0.7692505592415867,1
65.3130748844064,11,0,0.5967229901062171,0
10.0,4,1,0.33720203516895275,1
10.0,9,0,0.2625086042665441,0
14.21481403312078,23,0,0.12188921208035897,0
424.1824038133159,8,0,0.5097570669008714,0
247.17570082670778,19,0,0.5852608755098465,0
130.53808393218145,6,0,0.3593389905157872,0
297.6324611535576,1,0,0.47535906768086855,0
261.0077416411745,21,0,0.3635144573692667,0
41.908992817823446,23,0,0.6410060573207013,0
329.8433688019403,22,0,0.9012592077965633,1
108.92849705863205,6,1,0.16392026204694488,0
239.26708071465848,7,1,0.3814088099031234,0
321.1881937029646,6,0,0.14086860395086132,1
89.71712125213661,20,0,0.624943770407832,0
11.042414634350827,22,0,0.7288705094885958,1
63.14618233741713,13,0,0.9319127325974559,0
113.98497495074119,18,0,0.2788719262609649,0
275.540676958801,4,0,0.9502112058654302,1
287.06933952761403,22,0,0.0632626718206748,0
10.0,17,0,0.6030138633645882,0
106.74751177296504,19,0,0.057132719343329974,0
62.96696092319814,11,0,0.8937741877619448,1
44.162286375805735,22,0,0.5298090570700541,0
10.0,16,0,0.6693483507627961,0
85.53987474859613,12,0,0.8315739259104525,0
420.1758224577046,1,0,0.15031062248396876,0
62.58076354967795,12,0,0.038591561938133845,0
115.38367829494562,6,0,0.8788811459128522,0
176.9349470580467,9,1,0.3149332274589325,0
79.53005087454984,22,0,0.12897890792716526,0
525.6716476113045,5,0,0.46846123708708653,0
509.72742563035456,2,0,0.5983060756960188,1
16.589600643895825,2,1,0.030970603422510123,0
105.67648336050532,17,1,0.2748956582570877,0
92.46814899302271,10,0,0.03279987427689601,0
30.280824965050762,21,1,0.42033538919549895,0
10.0,19,0,0.8951000290662443,1
151.35196764056727,4,0,0.9826524114935692,1
108.36958056323773,18,0,0.6370475535036275,0
14.940265092530055,21,0,0.1616376937845918,0
58.77763075450867,18,1,0.9058493899993058,1
371.02357203463646,14,0,0.5162478232000605,0
63.273079660436025,15,1,0.1537493121029181,1
31.676002286390716,23,0,0.9217266694516614,0
96.01566332867458,8,0,0.757469050723103,0
650.0570214163436,3,0,0.7317052727231516,0
79.56936073186324,14,0,0.7091807037944047,0
164.62057661694254,11,0,0.20033982109644233,0
195.5925578425066,22,0,0.21100669170752606,0
62.84158923611032,2,1,0.688292998427255,1
193.00471599477547,22,0,0.21972275011039688,0
25.32502896936488,13,0,0.43867169680304885,0
167.02399570277413,16,0,0.7820018255939414,0
139.8691103515673,18,0,0.783952518097841,1
113.2971218467691,5,1,0.45326177252585964,0
20.833980433123436,3,0,0.7921899382752451,1
274.35671273252586,6,0,0.8386217961980568,0
72.21058039289028,18,0,0.6547757512842602,0
22.255088579736615,16,0,0.22842585230842016,0
16.506579932673436,15,0,0.2740117803855475,0
128.8758271375092,14,0,0.31484115540873536,0
184.55396975785237,21,0,0.116804107733952,0
14.816391814031661,7,0,0.2731596203699451,0
88.93581364153134,18,0,0.20951922431253212,0
60.24326438174429,7,0,0.45532874980860216,0
144.69938232987283,17,0,0.9084375478722649,0
44.90178934649297,15,0,0.10448031675395808,0
183.47762540318467,19,0,0.7202679239473956,0
110.10747868306771,18,0,0.6872830044131277,0
409.58225302320903,9,1,0.09575419866335766,1
15.20532609352789,16,0,0.9225724049058001,0
62.181472981521104,12,0,0.5684722021568196,0
12.003047098863954,12,1,0.36372552113568424,0
403.9273976114496,6,0,0.7565385834953067,1
282.42384390541736,9,0,0.25736545840163405,0
23.67545712629625,1,0,0.6935098370463204,0
140.45835242500334,3,0,0.03971120757224722,0
273.9287627353547,5,0,0.839408037609272,0
155.7321215546147,23,0,0.4481708470213185,0
111.05292715834248,17,1,0.6366929143579417,0
38.155122351885254,22,0,0.22123781980668367,0
16.059964333504738,5,0,0.677073712658448,0
364.50604983134224,22,0,0.7722402758932766,1
327.46910146345255,16,0,0.47321318688439873,1
155.16786757712842,13,0,0.6177269240617943,0
81.61092906734719,23,0,0.45632592382239856,0
74.4570257705435,10,0,0.8940913692578455,1
197.9614467910426,18,0,0.49786918051431917,0
361.1355242174307,1,1,0.8418087090288189,1
273.10523954950725,2,1,0.8013520582702486,0
240.59183518025364,10,0,0.41050482134835653,1
141.01509037260726,5,0,0.23008449185747504,0
10.0,13,0,0.406082132559771,0
36.66818419301134,18,1,0.8262173757752201,0
370.707745929885,15,0,0.22763253581939236,0
137.12512175228457,20,0,0.5244363458577493,0
20.44343178570794,21,0,0.8060967479607475,0
48.295100375165305,23,0,0.3534774751283788,1
189.67264716521709,6,0,0.6422096370026974,0
33.56045614519741,7,0,0.24563157404881453,0
41.13992223706771,18,0,0.10927944536815992,0
120.8633496988716,19,0,0.7943842250928563,0
144.5579767602785,15,0,0.09896862340870682,0
153.39497255768833,21,0,0.2713813950795846,0
21.227548189879837,6,1,0.8551094219974401,1
230.23144768473713,8,0,0.3464692870786672,0
37.10584760927415,12,1,0.9730453495141611,1
61.50933247340238,0,0,0.9797343347738597,0
216.88334027067796,7,0,0.2682760204535567,0
158.18812107286428,23,0,0.04097822224989045,0
317.6944324281252,21,0,0.7050632842053791,1
148.31900599077534,3,0,0.4509865026483437,0
129.89879494283346,2,0,0.10075284395957629,0
10.0,2,0,0.7075228189780428,1
42.361995856638885,21,0,0.031174909111921223,1
33.98864036071897,12,0,0.8701966904922421,0
41.214294608394944,7,1,0.13865252911330372,0
533.2603664340936,6,0,0.127311878746725,0
61.05970495852645,0,1,0.17567229796858452,0
305.78193241384173,15,0,0.9602663584920665,0
147.93804640789858,5,0,0.693169360253846,0
207.47938042263993,6,0,0.8013715354636367,0
119.96641793210762,11,0,0.397634985732753,0
130.67218045492783,22,0,0.33631272750495556,0
72.5929850119554,8,0,0.23448400678316994,0
26.398052757788502,10,0,0.48064802831240894,0
177.22114234805892,9,0,0.5518287335341685,0
55.82009546332306,20,0,0.6317748436527554,0
30.501481082566183,0,0,0.2571185039986945,1
118.04186855137618,17,0,0.9486540809029906,0
31.540557116671746,3,0,0.16975849820713584,1
419.9598161796627,4,0,0.9656531747664123,1
475.0611634472128,8,0,0.014856122507503788,0
373.79041525982996,16,0,0.4811256918168456,0
54.30372283982864,2,0,0.3333678381165628,0
10.0,15,0,0.4491234139302508,0
379.4080014637137,4,0,0.570664578980789,0
105.36088432993115,15,1,0.43558915801270903,0
510.55253539174726,2,0,0.41484685030159496,0
535.084135134591,19,0,0.7327234154133065,0
286.3948363006204,14,0,0.6858762750864646,0
38.14827488761479,2,0,0.8332712820358479,0
42.66950196254749,19,0,0.24995898123949556,0
249.64620434659307,13,0,0.6095285097540636,0
25.489215854497765,15,0,0.5851947853928539,0
33.200325464592886,16,0,0.36973781087268875,0
132.23504927363282,23,0,0.4860575419026809,0
381.0702065804136,19,0,0.31378214330572873,0
196.5246059452129,22,1,0.1418443976169852,0
116.95562943167954,17,0,0.21380121066273283,0
18.27008984210942,17,0,0.10551364640120109,0
175.42401989276615,21,0,0.6830695751901241,1
709.5222484942582,13,0,0.6607273931091515,0
17.26747503822298,17,0,0.9506063715798728,0
91.75045423891981,14,0,0.7296784136472413,0
271.7549876585331,14,0,0.052045838756131446,0
188.1220708682021,5,0,0.8842451739289542,1
174.8885590186971,14,0,0.8626751629457258,1
162.09954289064981,17,0,0.4433203207726987,0
64.19871200539627,3,0,0.5858630505279215,0
53.671350299239634,22,0,0.9760783324725189,0
244.1090564527953,7,0,0.5323043638481663,0
236.19917824658512,14,0,0.9053218283760898,0
306.06560054452177,2,0,0.08303875781018644,0
375.53120726688365,14,1,0.19105186870868285,0
85.60600399107864,12,0,0.4407549434413178,0
132.6463042276053,8,1,0.5847568083373047,1
238.1707272005879,1,0,0.8162278518628002,0
157.83485369206699,23,0,0.9882621151431868,0
195.74688574185868,7,0,0.38885149647411643,0
242.95724386840078,19,1,0.04741563614008493,0
350.16125413028,16,0,0.8011715032953248,0
67.61484437468462,12,0,0.6043807190828081,0
58.391770816324694,0,0,0.19854285886820167,0
22.034476382226117,1,0,0.49482845662142017,0
106.63757984500195,14,0,0.7423102455337244,1
10.0,11,1,0.7704117870686438,1
93.32644241442722,13,1,0.499618411998762,0
113.1818507076181,1,0,0.30521453012885913,1
48.07384881839976,17,1,0.9737425820384935,0
96.40789861197352,21,0,0.6633626109564928,0
10.0,6,0,0.4082375193462987,0
10.0,22,0,0.2804632242046524,0
262.5998332706684,5,0,0.7311029830035621,1
46.434250812642546,13,1,0.2421834455937677,0
45.697513011908214,7,0,0.17170998897368817,0
93.47454127756232,21,0,0.5298338889620703,0
239.836335077395,1,0,0.28998739264414186,1
45.01158775191921,16,0,0.628905144923615,0
133.35839660159786,4,0,0.11793867487423348,0
48.887872200674835,13,1,0.6549411045673216,0
10.0,23,0,0.2832965279977022,0
132.06942456602818,19,0,0.00024293443451273156,0
136.6982127650709,20,0,0.12693605767417637,0
138.76821304915947,20,0,0.9336153778350941,0
222.0933904387892,21,0,0.8673546391153578,0
553.5326210130198,2,0,0.23360903203623684,0
114.71754047015058,4,0,0.7783719045454912,0
63.709393891321234,15,0,0.6085715931739742,0
235.16192213049197,17,0,0.9709047114498695,0
63.593885278616234,16,0,0.3736056595340591,0
102.56728910203945,10,0,0.6814606125171713,1
10.0,16,0,0.06353572242391858,1
29.93844628878421,15,0,0.39624734681640594,0
459.8571487295768,22,1,0.9638176611881805,1
291.8160704040925,1,0,0.5389808744501206,0
201.1305126564529,3,0,0.2878795033348446,0
57.05961806546732,20,0,0.12027096312860686,1
20.329694662224618,6,0,0.7035283401815304,0
10.0,1,0,0.6448560434297268,0
38.90247776321283,5,1,0.3739387136037746,0
113.35791156328236,16,0,0.9509413518658343,0
203.67060381190316,6,0,0.022202812987850318,0
188.11472737691193,4,0,0.3037238516318258,0
77.1755154241485,4,0,0.9210694862995814,1
453.4721642518799,19,0,0.3209354383194404,0
196.6681732563934,15,1,0.2522528338551704,0
87.5658084452807,18,0,0.5342204099312473,0
125.78716947569148,8,0,0.8238017499205379,1
100.90271249175686,4,0,0.10314676087836105,0
75.01085031207415,7,0,0.9430207096457361,1
41.31514196086842,8,0,0.795072881181164,0
200.8779919804491,4,0,0.18125025555155194,0
10.0,9,0,0.7120079611981627,1
24.110282012388545,1,0,0.38495872263755715,1
10.0,8,0,0.4022946780763187,0
14.718438676875657,10,0,0.7832900924388664,0
280.6536681009305,3,0,0.9627848079807322,0
182.14704633753766,21,0,0.12665587284719393,0
107.34337412200784,21,0,0.4206302368788194,0
15.571983163390744,21,0,0.48094160808430353,0
92.7499770590536,1,0,0.3763118169549976,0
94.02535373563906,22,0,0.363189123716225,0
26.76194773592704,5,0,0.05226866756159654,0
77.93464909770601,13,1,0.6855386205626233,0
71.07457093413898,0,0,0.4362144171200454,0
175.4813083470645,17,0,0.19479380264392676,0
162.43556936496157,6,0,0.8160335023020684,0
10.0,0,0,0.8025607481516279,1
84.34668878847394,0,0,0.4863916280888938,0
140.79235942228908,0,0,0.29845066114776053,0
128.3784106429013,23,0,0.6380927257964524,0
298.5952618202777,3,0,0.28815213577740306,1
159.1001717281651,3,0,0.23600793032371203,0
35.63226883130165,17,0,0.7305146540263266,0
10.0,10,0,0.0403252397209507,0
131.72377268813756,0,0,0.09476847103459396,0
10.0,9,0,0.006788174023589777,0
135.06096856636773,8,0,0.15294318647542615,0
457.23861829777456,22,0,0.06899000871045946,0
173.14336976048432,3,1,0.9958023677799186,1
86.45612586240124,5,0,0.2888099699540896,0
164.64096317563641,15,0,0.14926801266924727,0
55.922241424608906,1,0,0.24099625799591795,0
107.46867809176759,22,0,0.9361255715401346,0
409.96339689678507,17,0,0.5201602230243957,1
60.77217713750575,9,0,0.3648180963078569,0
484.0009028543173,23,0,0.8733914579092193,0
344.1946160115453,23,0,0.39499027054903246,0
10.0,16,0,0.3350085699576958,1
25.74082841782423,12,1,0.20728252254973556,0
10.0,23,0,0.3777968239094115,0
10.0,17,0,0.316684356016926,0
56.362405143362594,21,0,0.677303959298141,0
153.9435390548466,12,0,0.2895827046707271,0
10.0,16,0,0.5771997464225614,0
51.903493806628056,4,0,0.0658921650319727,1
301.54809871456297,10,0,0.19128915669651436,0
42.698999561518605,6,0,0.40740527161134876,0
228.08858403884545,9,1,0.9369492539086954,1
59.59650449067485,16,0,0.3772519857156954,0
10.0,14,0,0.6640741211998341,0
176.8543441799043,17,1,0.25508722242139814,0
201.59674340532374,22,0,0.12703357597323173,0
284.85296554513894,21,0,0.05853660008005013,0
204.31883004455153,18,0,0.30541349854275135,1
253.4032343344054,1,0,0.15766102679690797,0
71.41580584479772,3,0,0.1740104480161242,0
31.259657475484957,2,0,0.76075930838695,1
214.47447019089577,6,0,0.015838070944874216,0
238.79840613807713,23,0,0.5578101257354344,0
703.9332723459366,17,0,0.3794613805934648,0
72.94805761294255,9,0,0.5065499999085472,0
82.21802459138092,6,0,0.5628302372146029,0
217.3009687806654,7,0,0.3133676944572782,0
70.0520585176567,5,0,0.2951088601842853,0
399.9354323861994,21,0,0.7334018493349057,1
315.7468785903808,0,0,0.8712769881211572,0
83.02546694455422,3,0,0.19258163245852788,0
173.00705811018153,13,0,0.09761876053514895,0
235.9333780425324,16,0,0.8977958063920259,1
10.0,19,0,0.34989546364739865,1
336.1915253571684,17,0,0.5513173906628142,0
93.6428975826433,10,0,0.35954314452000347,0
290.18864549191585,20,1,0.1258023363460513,0
15.14682964510233,13,0,0.589331644947728,0
401.5735478550888,8,0,0.5251408517696297,1
95.06940429034672,14,0,0.20299355919119721,0
10.0,11,1,0.45186904465227784,0
352.58821453204234,9,0,0.7969475040156458,0
20.069923079424427,18,0,0.5904261031078913,0
68.12049357534259,23,0,0.09691732706699485,0
462.450169197244,18,0,0.5480214972291351,0
462.30452033566735,5,0,0.7027382992895869,0
129.59120728339454,19,0,0.7927034057807514,1
145.93774365243218,23,1,0.6291175786342668,0
86.22673387035842,5,1,0.15265816454078374,0
48.15525120487593,7,1,0.7101732665901607,0
82.44835211989975,0,0,0.6773418460815164,0
179.31967143489317,21,0,0.02442688294063322,0
150.56790835617596,16,0,0.41174766759024317,0
248.34732796376753,16,0,0.3329502469623733,0
237.71937867168674,23,0,0.6694120642536434,0
13.971366852129968,14,0,0.21613581231092072,0
94.53707042422567,6,0,0.5908719229742585,0
31.374510367030936,18,0,0.9132059618141724,0
138.5697265967661,21,0,0.7978023722086077,1
71.92573789162034,22,0,0.9214577362165304,0
336.13384537561086,2,0,0.97850596693269,1
45.39560822935704,21,0,0.010670127006162766,1
10.0,10,0,0.6227412763774776,0
10.611803689518602,19,0,0.41283939775890643,0
232.26245150951925,18,0,0.8598544903351217,1
163.49835286972697,8,0,0.2518147020091317,0
26.253015238753676,9,0,0.9810294891150761,0
27.680243987250705,1,0,0.6137079695437473,0
191.40483649026413,0,0,0.793537402228831,1
10.0,15,0,0.08559955282276832,0
267.416328964766,17,1,0.18345788475886504,0
199.7581534740544,22,0,0.7584036730342032,0
27.81313918331829,16,1,0.02198652203932361,0
37.076347596163856,5,0,0.8168779858937828,0
661.4848612527351,13,0,0.013949018691911452,1
77.3546015336751,22,1,0.6571188390612733,0
90.86129383762542,14,0,0.36509392023180587,0
250.80588530742037,13,0,0.6114948527191991,0
423.6871876699322,23,0,0.6960314069891137,0
637.0547516614223,21,0,0.3424752191863042,0
195.0868316213223,2,1,0.10796244811083555,0
57.29958444338121,23,0,0.06964586774826564,0
10.188725640383232,22,0,0.5889360225625478,0
209.3379826481946,18,0,0.5206553537341115,0
116.44483054144314,11,0,0.7422010091211325,0
44.93267545667035,1,0,0.5097355100039371,0
359.50152546917235,2,0,0.4224457900308791,0
17.706140703026524,17,0,0.39808717823623085,0
85.43399378457933,0,0,0.026446902597667465,0
14.897701783529351,19,0,0.33555720169665715,0
113.60455818997009,20,0,0.9760201575244942,0
10.0,5,0,0.8735555762270888,0
10.0,4,0,0.3293780670342177,0
10.0,0,0,0.5877954050663722,0
138.33719593886843,18,0,0.847296745535494,1
222.1791544781059,0,1,0.44127433675006866,0
127.45654380497422,20,0,0.01795786375015096,0
485.9177345391443,20,1,0.07451046181864007,0
30.39223939990501,15,0,0.5103927213487066,0
63.178734217268335,11,0,0.9694393756758783,0
279.640212828465,21,0,0.6932095422188678,1
39.16096276510457,7,1,0.07091619143856953,0
500.97805469695044,15,0,0.18936087579186278,0
29.047513570618417,0,1,0.77132314321685,1
499.20263044954004,3,1,0.8414397599562448,0
10.0,9,0,0.6176945861885909,0
336.33517526907525,10,0,0.6444231696298166,0
148.5317111826256,16,0,0.028337450383384644,1
768.3032182476937,22,0,0.8285302595815085,0
15.692394698660756,6,0,0.7882752081708296,0
111.23372584736138,11,0,0.25903514410334716,0
538.678735121147,20,0,0.708676719965507,1
91.59566598306722,6,0,0.2148546064249981,0
158.4213989443025,11,0,0.04033016105151299,0
188.59458890084866,14,0,0.20113654259037728,0
112.12336150152024,1,0,0.1786288767542995,0
203.34432672942486,13,0,0.33774799673484723,0
139.5221986144387,12,0,0.4184494971754581,0
336.9556429082471,3,0,0.5085388914977079,1
10.0,13,0,0.47675387550832815,0
14.09489078703141,13,0,0.27067460596528936,0
436.70513825735856,15,0,0.029170668574074465,0
323.2657255057608,6,0,0.6051016222371507,1
80.74452133525115,18,0,0.3957448298473544,0
148.23705175152102,1,1,0.2986721573875497,0
32.28261433662551,9,0,0.8669410428305123,0
53.6812375618991,17,0,0.7467433077981598,1
93.46293111897876,16,0,0.8577655483724422,0
65.20702376973772,4,0,0.494982794712461,1
124.8786615707381,11,0,0.13093125212677748,0
15.242156342157301,5,0,0.6962214361212724,0
566.2459836717378,21,0,0.20607377993717524,0
625.2372320186628,8,0,0.4412296690917168,1
166.5172525054133,19,0,0.0650007889488885,0
109.13724458628019,0,0,0.8253084024229824,1
28.639476763689704,21,1,0.12594064104750058,0
235.75091792876955,14,0,0.9030975070493097,1
163.62502007642917,20,0,0.8642306022615571,0
44.108831729327804,5,0,0.46458276443924607,0
367.99639037990767,18,0,0.7443682043039906,0
263.2209749324416,17,0,0.6194450738181533,0
465.7787379983748,5,0,0.8030756423377449,1
191.29316486143222,12,0,0.43180510078591205,0
150.36989993728372,0,0,0.78580848424435,1
79.19094093031708,22,0,0.46245681706514796,0
410.1600012200603,22,0,0.9409657878427938,1
289.90368385480633,12,0,0.4863721008251476,0
10.0,6,0,0.46261927193372954,0
10.0,14,0,0.7850718615635127,0
99.30712695948824,11,0,0.821577691760838,1
268.07146649424476,0,0,0.5544891143211708,0
673.9492699248485,14,0,0.1797978134950754,1
49.174040926296314,3,0,0.4677582309575795,0
137.03177135158913,12,0,0.9680725029096784,0
75.86736911182632,22,0,0.7529861930391851,0
513.2032452477073,4,0,0.8111626038791322,1
270.56552399450425,1,1,0.03282549881924013,0
285.6439299659014,22,0,0.4678594626341599,0
118.94002441434236,0,0,0.6466211336575554,0
77.58631493548236,15,0,0.8300326836280747,0
38.904548525480955,22,0,0.04927365358277147,0
10.0,5,0,0.8524388856418731,1
312.08805597907883,22,0,0.5484009367419117,0
222.5405195648176,15,1,0.19731397057605993,0
1179.9432206099675,13,1,0.3172552164497,1
843.2202731218183,2,0,0.28192955175156076,0
97.18349037792592,14,0,0.5308590342884758,0
209.62965957799292,2,1,0.05168567991113182,1
431.470146054816,22,0,0.15853615849992353,0
275.1508340259266,1,0,0.8126930433757824,0
71.67221737658689,0,0,0.13260399074681106,0
96.35891940202607,8,0,0.23339626945812697,0
26.753938839179867,8,0,0.4533706056041573,0
474.47771084712434,22,0,0.5171208881133305,1
117.00049303267734,6,0,0.7636104796141586,0
59.722794561177935,2,0,0.4473324266661878,0
165.55914514527834,17,0,0.7898646210355388,0
157.810177556285,10,0,0.6183463070454575,0
45.07592468376279,6,0,0.11309973942382245,0
10.0,8,0,0.15633143839283858,0
183.37398568836588,0,0,0.4370337254497708,0
117.719754149856,13,1,0.3968893930890396,0
203.93003105692705,19,1,0.7435442696372946,1
92.75321743803337,5,0,0.5807371397973519,0
309.274212384568,6,0,0.3881330810022493,0
96.62487999587657,9,0,0.17076028345038563,0
156.32064621214136,6,0,0.22683710232549514,0
295.90138179150836,1,1,0.575501018469059,0
90.26493561038521,3,1,0.42343880489979246,0
15.01082379356515,20,0,0.5149275088606721,0
16.444501836461065,16,0,0.17067743530223367,0
200.176337857104,0,0,0.6629062523445658,0
142.00398693765604,9,0,0.852538740855967,0
183.4681856775959,18,0,0.2579395067869006,0
15.87847490838707,14,0,0.4915142258318266,0
36.80836959264431,9,0,0.9755273290209018,1
10.0,18,0,0.33324174055072764,0
60.181090920460015,11,0,0.5950463449237612,0
113.82261885757143,23,0,0.09019570020024437,0
23.45060695826639,15,0,0.6060150024794432,0
82.4773791722613,8,0,0.08963177330461791,0
400.01153687947453,14,0,0.959235435323822,0
79.90747792172724,16,0,0.7156626520723114,0
107.84354661616027,13,1,0.7881597881357064,1
224.3729440737899,17,0,0.7041043607716369,0
76.21133755111788,1,0,0.5897290360764658,0
156.905953606467,3,0,0.44991278108550536,0
273.85484024646905,17,0,0.8583733797610624,0
470.21499619957757,6,1,0.956835667543063,1
38.16990820605028,12,0,0.4990361729040813,0
406.1131289704705,14,1,0.931535049155262,1
110.39493192552413,22,0,0.5833329099885175,0
45.20265130658916,21,1,0.5383841868964332,1
105.64526982494102,0,0,0.4544827329553567,0
598.8842473119163,10,1,0.20928776153011985,1
94.69287968128349,9,0,0.0037196608180591895,0
48.32036935713695,4,0,0.24150622685606127,0
152.5600669988887,15,0,0.5097231716035652,0
72.1746731872442,10,1,0.37995995225975254,1
10.0,20,0,0.4484852280026338,0
10.0,5,0,0.9806482195640496,0
23.847980434781405,8,1,0.3502723706693276,0
25.731739270621308,12,0,0.4521829393601079,0
25.885843197535646,23,0,0.13351555135281956,0
158.49167161954097,7,0,0.04795773243698764,0
25.64790846247614,13,0,0.7754095145924946,0
93.41816614126243,23,1,0.5706831750719786,1
308.62803919972333,0,0,0.760704806043895,1
79.78723075138413,16,0,0.14986279888655163,0
163.12826734487612,23,1,0.5718287711826909,1
10.0,4,0,0.25364247434137555,0
28.515559060622834,1,0,0.22806181690001992,0
39.48848522219516,23,0,0.011526014052985256,0
28.17483137575637,8,0,0.1303407235690719,0
53.5962359090455,3,0,0.30926811149969535,0
10.0,16,1,0.11687876059093905,0
10.0,16,0,0.9858584404109375,0
11.77950441752414,20,0,0.30863264852395067,0
86.29009956968218,17,0,0.13032394670232816,0
60.29670685183986,15,0,0.19908231282795774,0
79.10098854114027,7,1,0.5877032283414765,1
82.77161856840891,10,1,0.06404352386478851,0
180.79871067052142,20,0,0.8624341301411569,0
15.980294484938016,20,0,0.9614996792371473,0
263.77711734434325,17,0,0.24674742066738087,0
179.89986728646193,22,0,0.45009526859085935,0
10.0,23,0,0.02213445102949707,0
294.00305454900683,9,0,0.6407102247272215,0
355.3524747785469,12,0,0.41392605805258886,0
10.0,16,0,0.2700584661015557,0
57.953693958224314,17,0,0.20683711061660848,0
265.8869678157784,9,0,0.6540230776587604,0
205.3845655592958,15,0,0.41621703103231444,0
24.19999434417319,19,0,0.17965928902991202,0
38.27001452220479,4,0,0.689109081486824,0
52.714908471055,12,1,0.5650722830366937,0
141.19015913418764,17,0,0.8586720549294962,0
112.29705456642162,16,0,0.1174758988764929,0
72.74169602796717,8,0,0.7856666019444561,0
133.6057907677304,13,0,0.673516786817259,0
206.57033794967634,16,1,0.11501093682809782,0
10.0,3,0,0.6948207298717207,0
36.49158482615104,17,0,0.4415472888798304,0
183.81594760815568,19,1,0.9449847855558431,0
365.8219826431226,23,0,0.1416113506178993,0
63.279628604669995,23,0,0.642833390815738,0
144.59809937888684,14,0,0.38198004546294595,0
10.0,10,0,0.9568146705908778,1
83.63844032784434,11,0,0.32997489529027646,0
105.50613145232026,8,0,0.9621859094918002,0
53.424985884512395,12,0,0.9014858511007491,0
15.088704744106625,14,1,0.27038323531065633,0
80.29320104200966,14,0,0.8035417768264277,0
43.52749657828423,4,0,0.995604201803506,1
31.04523409656415,22,0,0.25266300217128235,0
39.42766369575239,18,0,0.43677716932331967,0
46.272740978865215,19,0,0.5201807365667597,0
27.652209616577906,13,1,0.2949311358038643,0
332.19494053976877,16,0,0.01526483964602976,0
122.23008390104776,17,0,0.22012924419752666,0
180.25238938137622,20,0,0.28193688434175845,0
269.59331705240356,2,0,0.44359970131818716,0
99.68738744278679,1,1,0.17110247841340187,1
28.034973020582015,0,0,0.8732543566916726,0
89.67329533680011,9,1,0.7049111327313361,1
113.45973114434585,18,0,0.08520047755966198,0
214.68062287886895,16,0,0.6500924511399314,0
114.43751797816661,11,0,0.6536564764056204,0
27.584966985110036,0,0,0.9562211736436277,0
43.8031664287925,11,0,0.0030208713561612477,0
67.65305192966059,16,0,0.2479324498058072,0
130.7255370638849,23,0,0.9277914793753155,0
138.95756470732027,2,0,0.932133915398283,1
83.67767519423911,10,0,0.7205864193706374,1
636.8875591688102,16,0,0.76576332104754,0
130.22410831489137,22,1,0.09148295792964711,1
45.93674390656096,2,0,0.5138758347782336,0
10.0,7,0,0.2315829912889994,0
23.560591595957433,19,0,0.18121804361361726,0
84.34046319260145,3,0,0.8103032991233325,1
21.33421722822417,20,0,0.13503813668054743,1
23.806958777762617,21,0,0.46865163699638523,0
37.3900411196138,6,0,0.938578239586033,1
43.44420447943179,13,1,0.18583205556534255,0
336.98823393902524,13,0,0.9779934237382346,1
10.0,3,0,0.994287985761059,1
137.93793316236565,15,0,0.5556171546824029,0
107.63789356366809,23,0,0.17014274017715791,0
593.787853587614,21,0,0.31610488794089564,1
10.0,0,0,0.42449283267653515,1
96.23897285810301,16,0,0.30932422435822293,1
509.6663531038072,9,0,0.2806355798765158,0
316.7491212784786,21,0,0.9722297092163575,1
215.39737875119022,15,0,0.15336482741574564,0
62.59320929601188,15,0,0.7333279087168623,0
10.0,7,0,0.00041028943917487126,0
180.29922218359803,6,1,0.5961826694023769,0
397.84322560072195,5,1,0.9159430039540524,1
102.96877489777845,15,0,0.287934094093219,0
119.01840796025238,19,0,0.1855259752577192,0
62.997623760731635,15,0,0.651679794878427,0
222.23895282411797,6,0,0.7126014072983932,1
42.74995693136031,8,0,0.6880305189519813,0
98.1919836581946,13,0,0.31931688002137404,0
51.83685027625356,10,0,0.2522024021593309,0
138.61699589607724,13,0,0.9559187999620442,0
43.72900628590513,6,0,0.9232995082699295,0
10.0,0,1,0.4573166098928203,0
114.87367609962368,12,0,0.8461938661543734,0
47.3020974499406,19,0,0.45232347763429603,0
149.00096248235573,2,0,0.4243890180725104,0
22.598730508051286,19,0,0.15676294759929466,0
128.64130530922608,3,0,0.42640605649197283,0
85.0585734183305,10,0,0.537416938599807,0
10.0,1,1,0.022504327428686466,0
36.5096713188011,13,0,0.4441130051754064,0
28.9250366772891,11,0,0.7813562183952003,1
27.558586617824737,16,0,0.6800460563742698,0
681.7649608356776,11,0,0.635156988863935,1
10.0,11,0,0.9095554284372025,0
252.9895550014147,0,1,0.01803200982523001,0
52.8180961786804,12,1,0.5570475861922342,0
179.7070977522867,13,0,0.7873488484097071,1
238.92557726067437,23,0,0.5413353827012672,0
114.39591553238998,1,0,0.32389555258037916,0
109.28281871579975,11,0,0.13625056509197786,0
103.46382227536617,20,1,0.8875630718161913,1
28.784743575465882,15,0,0.470762392387603,0
404.27644375149663,3,0,0.8781151969857014,1
256.25746405111624,7,0,0.5858521224331683,0
501.34600495032083,1,0,0.6741921166150008,0
26.86281094618256,9,1,0.80426115437845,0
187.1381332368051,8,0,0.6591555446001344,0
404.40492820595387,22,0,0.3980548406789377,0
30.676419804880148,14,0,0.513633383928651,0
10.0,12,0,0.8030455246758799,0
180.99247040058958,22,0,0.3736502963729842,0
141.7515372889305,16,0,0.3881214567684971,0
253.63569049504855,15,0,0.09569011605800115,0
35.90998698031313,1,0,0.9145844352217477,1
247.15934251185922,19,0,0.09103631494544173,0
10.0,19,0,0.6482091774485559,0
13.255986798114595,13,0,0.4131944788027977,0
50.79888654494005,2,0,0.40561939025544236,0
233.14218176180765,22,0,0.6795518365726839,0
154.84396060620756,11,0,0.06709373262987872,0
120.29761131694458,7,0,0.5937057829514346,0
82.33702043736213,1,0,0.7720317859723548,1
309.54962237326,3,1,0.8282127578865942,0
62.7967085607839,13,0,0.1705303893937753,0
282.8597966611806,15,0,0.8974190500781737,0
121.51922544303363,18,0,0.6561460918474422,0
90.54509588829647,1,0,0.8818548008206828,1
94.88052183624087,11,0,0.48528071711019827,1
37.631476881777786,13,0,0.542033345097202,0
189.90770880940963,5,0,0.9190382770286711,0
115.24070445965455,12,0,0.8999095433546718,0
48.00434406733346,3,0,0.448160873369002,0
372.78294929151616,21,0,0.27441263163568175,0
85.65876320452948,17,0,0.39317043456426415,0
87.58075129146816,11,0,0.38776432852974974,0
376.46329366090237,19,0,0.28686687498279395,1
126.85868303231135,21,1,0.26857960433296657,0
10.96776693961993,20,0,0.8610629364797194,0
426.59650671486526,18,0,0.06986192068466168,0
188.12488913590323,7,1,0.6776111820995941,0
123.37231845280363,6,0,0.1728200514564523,0
34.63098427518753,15,0,0.34450589339406323,0
233.3362769776323,18,0,0.06154303413483686,0
155.85643910403886,5,1,0.26997363685546205,0
132.11518722483095,19,1,0.7684210711172421,0
330.08214706932296,20,0,0.8850153245472586,1
269.00272917265727,10,0,0.22152715190236705,0
29.275113202779174,4,0,0.46354783925892185,0
65.98924449119795,15,0,0.4703240479372064,0
56.16892782341492,6,0,0.8735753057597342,1
212.78694149255085,4,0,0.7627990528758054,0
21.894940988067937,10,0,0.5130772183680499,0
114.21196972698299,14,0,0.6707472004717734,0
204.44602230004622,2,0,0.8473550539093668,0
292.0470169984568,4,0,0.009538954025544943,0
71.59121364416843,22,0,0.4028900310500486,0
273.84992460139273,20,1,0.9072431672770787,1
26.742040087854317,4,0,0.7403130308439514,0
314.5514422487039,8,0,0.5428413743340746,0
20.345024202629695,14,0,0.5296445270351334,0
89.3220277933299,2,0,0.3477700976044378,0
217.5667869761872,5,1,0.5205205336415145,1
16.621274438574403,16,0,0.6553831994634532,0
52.96970851802819,20,0,0.4183630384287931,0
209.1385068615987,7,0,0.714153146392174,1
185.08508684547056,20,0,0.8612322272603858,0
152.29464627344728,10,0,0.15468484818486117,0
147.24278142952636,5,0,0.4515470228174244,0
110.22978116321354,7,0,0.4080200912850811,0
61.32021815930722,9,0,0.6874648040497281,0
75.13157939112084,23,0,0.24986746525792936,0
40.07350560510397,2,1,0.6402509149522763,0
359.6268946421669,22,0,0.877489241731488,0
131.48262136805332,13,1,0.4181315997936227,0
63.6304261323844,22,0,0.91101569997922,0
106.9626943522252,13,0,0.9931637389334784,1
449.84301943736943,9,0,0.10609204994795207,0
34.81080947913109,11,0,0.23305318798485863,0
121.8459945129315,5,0,0.9503797514820932,0
62.6823077215517,11,0,0.9583276864813868,0
163.7447019355348,22,0,0.0977072753867585,0
10.0,13,0,0.014998500377136681,0
291.24851310024206,1,0,0.16110002325642225,1
417.36785874196767,8,0,0.9960127833822483,1
117.06706679312705,9,0,0.17999961661068686,0
200.12933875982617,16,0,0.5025476067220231,0
395.96052266837785,16,0,0.848417726430511,0
197.93100447288728,2,0,0.02040161068820634,0
10.0,18,0,0.6044889822584595,0
153.04420218561205,0,0,0.2770254488696243,0
145.20813917977935,11,0,0.8623349164397316,0
75.3956328034991,6,0,0.28346114926407917,0
202.89131492935383,3,0,0.6867557202819089,0
373.02682820640484,9,0,0.6742196324473969,0
397.85448818773096,12,0,0.22149354885964,0
69.31721428190122,1,0,0.03479919986835012,1
10.0,9,0,0.4092495737853973,0
597.9289146437482,20,0,0.2891931519658697,0
296.11148412256495,21,0,0.8089777496137086,0
10.0,3,1,0.8003641884553453,1
411.1207453428214,17,0,0.4570239521926255,0
295.19756042298354,4,0,0.6065122253232189,0
75.58554874343844,18,0,0.6042595159869252,0
111.87657922538806,1,0,0.8271581484276234,0
101.09095891149082,11,0,0.4250024141231975,0
10.0,16,0,0.2754466797905091,0
50.273987015299156,9,1,0.26503491814054747,0
246.77155117698257,1,0,0.5361922792822041,1
10.732072333302334,5,0,0.44914820273221256,0
83.20506080657452,7,1,0.4401207709849362,0
105.13669882606025,18,1,0.09113733908970723,0
108.43708070280054,10,0,0.7186037406901956,0
352.0678677013155,11,1,0.2137366879819107,0
55.50726341115299,8,0,0.19695363020872136,0
69.12158302543202,1,1,0.41275832027739345,0
181.35116422562263,7,0,0.22777834161780142,0
71.13864772595005,10,0,0.5838582673080154,0
45.03312868640652,20,0,0.3714633393344715,0
89.36930555501424,3,0,0.4489117225927901,0
23.428928197939786,9,0,0.5371693216040289,0
13.938268787213124,20,0,0.20353552248180484,0
98.8751921363073,19,0,0.1557516228655298,0
62.946769553034954,15,0,0.8804219028736048,0
387.29787851041766,7,0,0.43372370283142103,0
88.2101741504343,3,0,0.41209360963253916,1
93.41160032302892,9,0,0.03561215027284148,0
131.468398673829,11,0,0.4979763025873932,0
10.0,13,1,0.5541697216110001,0
150.38975086726037,15,0,0.5588408709546665,0
27.740036634080013,21,0,0.7070311693228843,1
457.90683644689335,17,0,0.17748183499101178,1
10.0,20,0,0.2522231342306188,0
60.246019738861065,21,0,0.8107304652304127,1
17.52736223555435,20,0,0.947170616843394,0
866.5991290133389,11,0,0.13593274736732064,1
90.19727878198886,17,0,0.4976495545052182,0
139.25931605612982,6,0,0.21417625273958685,0
10.0,19,0,0.06007316835498244,1
202.4873360758788,23,1,0.3255033381261354,0
68.80946754351022,22,0,0.14368762518421274,0
369.3064495575515,6,0,0.7099330734342463,0
10.0,8,0,0.5337254136714444,0
48.33021282890587,0,0,0.14383447099031088,0
21.813082368482668,5,0,0.009241588405514367,0
72.85260321926722,5,0,0.8081570490242127,0
141.1821684265243,21,1,0.17619440616424753,0
40.953679395124524,11,0,0.606216642220766,0
201.64949291486755,21,0,0.33692191307674557,0
72.225141123758,11,0,0.5854859383150356,0
131.82687752575958,9,0,0.315653626982324,0
92.60712698465001,22,0,0.08693956069225417,0
87.84425569602867,5,0,0.2229500085577536,0
129.83630289869114,16,0,0.1880585664790756,0
33.11936943270621,18,0,0.42801935243964384,0
10.0,17,0,0.6582837834261573,0
317.78875337685,5,0,0.26380607494635755,0
461.5285562382583,23,0,0.012069935300617951,1
65.50751323991022,18,0,0.5189373642647569,0
46.49016585762266,9,0,0.6057594893589721,0
124.3013397130541,23,0,0.9628704940018097,0
89.10853026144365,7,0,0.5894708030932468,0
15.298271144179935,20,0,0.47117255937814184,0
24.223720154940374,23,0,0.5734016258977038,0
211.2895561753669,5,0,0.927900629862027,1
154.66592272803155,20,0,0.8283781456016462,0
15.41259720053802,6,0,0.322978733363808,0
17.255659306163437,23,0,0.23725436365713726,0
38.94319382515489,0,0,0.26263361236607363,0
163.67512326612106,17,0,0.504421039715213,0
10.0,23,1,0.7440494512285778,0
10.0,19,0,0.5032192071829621,0
238.72331218100288,11,0,0.06779639582811259,0
46.02259984659793,15,1,0.7235807004399809,1
149.91957859332217,9,0,0.8059701286709539,0
10.0,9,0,0.28949786511971964,0
50.70268310683911,13,0,0.6641257392833504,0
69.42200903552683,19,0,0.4265919010543934,0
166.3189680624424,9,1,0.8891193557274428,0
304.1696067229933,9,0,0.8452255581607399,1
255.9281545853078,10,0,0.5254319983096423,0
81.19111772788446,22,0,0.6915055458135945,0
171.3159993409591,1,0,0.883349701022104,1
29.72085554302068,19,0,0.4957170100782755,0
36.36472498014959,7,0,0.31325074048882195,0
326.17897324831046,22,0,0.7536661379095813,1
10.0,6,0,0.22006625478469177,0
10.0,7,0,0.38853114800604205,0
33.613976234985174,0,0,0.8657272371067937,0
10.0,20,0,0.7244223402693151,0
43.671491807793316,1,0,0.40381100524749924,0
160.96023241837355,17,0,0.2147445024083574,0
70.4768829277692,14,1,0.3559683908322365,1
339.5675431339817,0,0,0.284104149227433,0
265.09808765898043,4,0,0.17608928794385392,0
72.18096619374029,1,0,0.7433329135656567,0
46.568043180413525,19,1,0.2520698868501715,0
86.48461958347511,2,0,0.4541674701677638,0
143.49264157510893,18,0,0.38585944683610907,0
22.056008025744976,17,0,0.9820773786356308,1
164.1674581198486,21,1,0.3910922441482205,0
96.74122263730652,17,0,0.0799824827967548,0
105.19438289365503,13,0,0.08982575257208403,0
86.69756597261885,23,1,0.5907537213530648,1
65.98657614557136,7,0,0.5993635517382656,0
440.6038067812433,11,0,0.41875899048265497,0
237.79773651521566,20,0,0.4318436923120297,0
69.92062461084035,9,1,0.05393258284087121,0
288.5560185051989,22,0,0.5165465103892622,0
72.62715738621196,19,1,0.5047394753803517,0
343.507295455559,16,0,0.14954931855694453,0
255.73841819200794,10,0,0.10383938611092758,0
78.44616541189572,1,1,0.12357249059949049,0
32.4740516880517,3,0,0.10102824649125852,1
20.162966172008026,0,0,0.6097081955367598,0
130.87153581260165,14,0,0.19648265240291862,0
138.43738337500258,12,0,0.25143015218746345,0
79.12576011348676,7,0,0.17357214415143973,0
62.3614698879697,3,0,0.9578353044485031,1
254.87493131869178,9,0,0.8546174631518354,0
613.1024817599134,18,0,0.23049483735152088,1
129.07593978540908,17,0,0.327566293922126,0
20.510616553220796,4,1,0.20989284230499716,1
46.773246400695164,18,0,0.49187595946082374,0
10.0,22,0,0.019610532474253595,1
330.1398160300804,21,0,0.6713680088967957,0
18.515401655045707,15,0,0.5231581498176416,0
115.09154484893989,0,0,0.8986389283011033,1
38.179742842423494,11,0,0.16439268432841414,0
150.04796738042407,23,1,0.8041092460611317,0
132.95315721231893,1,1,0.7919610144667157,1
281.82998259831356,20,0,0.12718118921688693,0
29.101120519044205,7,1,0.3985592241441276,0
10.0,17,0,0.1701526411445169,0
37.88864852414281,15,0,0.2547205004575489,0
352.2167552193551,4,1,0.26324617483054435,0
322.002462752359,21,0,0.5562363940257727,0
155.8403397401311,12,0,0.4114109317604655,0
131.0113901121356,18,0,0.9477328040063053,1
151.81539972097187,2,0,0.12637014194700513,1
10.0,7,0,0.9736921348501988,1
352.2232235161161,11,0,0.23063864021426395,0
140.37333365812222,1,1,0.7728739363818531,0
97.360211513916,10,0,0.3389699261728214,0
82.73605256924174,11,0,0.1430813954173139,0
10.0,17,0,0.8578891852462399,0
36.91657699176068,12,0,0.3088608992364632,0
211.87615951115384,4,0,0.6588554042268422,0
23.94191805712383,21,0,0.5664436850866266,0
133.53121697669337,11,1,0.4717563093908743,1
39.71591984000811,1,1,0.4958194726485391,1
80.52892902196541,4,0,0.7322379140922876,1
52.815688918988506,6,1,0.08777291412344057,0
21.54626420347732,23,0,0.6681806619579052,0
185.83860538429914,11,0,0.8958121013985787,0
35.85760225562636,15,0,0.05778819701986415,0
128.85075798402556,22,0,0.14065333923366674,0
156.65914805560746,7,0,0.7166319367020314,1
170.79952177338785,8,0,0.43728164824461757,0
408.0176534034974,14,0,0.40354862081368836,0
216.27182072780147,4,1,0.13696663454423585,0
45.95309973079135,12,0,0.5067700407177881,0
13.153841632675501,4,0,0.12654531119637724,0
57.76240716515161,10,0,0.4766204563105404,0
176.73996907755543,9,0,0.7636152989616567,0
10.0,19,0,0.2582643578871635,0
112.35853494015743,12,0,0.4807861681797273,0
117.73670339850327,8,0,0.9920159693968357,0
72.13503461756002,20,0,0.6866504233540373,0
202.6737636422883,13,0,0.8413567713051986,1
10.0,17,0,0.41484760656054576,0
10.0,14,0,0.7678609231258553,0
214.9134459193531,9,0,0.040509172941321836,0
120.99462287830856,23,0,0.12291118254224498,0
149.99205083104346,6,0,0.20307059292006213,0
86.69228208932557,7,0,0.40195192461521956,0
28.242840968796294,2,0,0.8457448783257632,1
231.30345657217268,14,0,0.3462660507879305,0
236.6378935855411,15,0,0.6546211935154629,0
171.79766718725182,3,0,0.7093142948034834,0
96.18237197511526,20,0,0.5861823540883414,0
142.48332846573356,5,1,0.3572419681701362,0
39.619146321888564,0,1,0.5770533417135443,0
10.0,3,0,0.3422655927897462,0
394.33264243923423,10,0,0.08387373855201208,0
63.83842278032651,11,0,0.9928039781860144,1
418.35393172365525,4,1,0.1271824536325109,0
50.99166421584992,22,1,0.07234838383605735,1
68.12884579445551,20,0,0.8785307492071559,0
124.89276047017856,15,0,0.3018346608928951,0
292.1054145047815,12,0,0.6502969740735076,1
208.33374859201973,12,0,0.32900572966223285,0
193.70411913072604,16,0,0.39145427079447115,0
161.3531674075036,6,0,0.2621129720167965,0
183.33949887809152,7,1,0.3430440057930102,0
302.25120099829854,12,0,0.4107004005865431,1
22.808008285167265,22,0,0.7204160690923429,0
102.54639315375339,15,1,0.5115361942347918,0
18.9934768447266,3,1,0.9435652171569769,1
664.4414377242857,7,0,0.04188039383877551,0
414.61264165080166,15,0,0.5030683226320282,0
10.0,20,0,0.5842247888317181,0
163.49342658355476,9,0,0.9201969860742739,0
402.06025845776145,11,1,0.049158523621427586,0
47.0419461413108,11,1,0.573499584935216,0
121.18802624773707,4,0,0.853629928527957,1
371.3945495180301,15,0,0.24192772811923657,0
10.0,0,0,0.8762923485239374,1
173.31803557379706,8,1,0.019043409274291823,1
51.93015237094703,11,0,0.7324546291337297,0
439.7531625239509,4,0,0.933113221168653,1
509.1311478778547,21,0,0.6571976616400622,0
462.35959696119494,19,0,0.43902924398044796,0
116.3663862490849,21,0,0.04488101647271803,0
302.7343341001064,23,0,0.9201138133226288,1
314.3865006787645,2,1,0.4702962226915748,1
65.0931876800674,4,1,0.02899674433594801,0
272.6228151225566,1,0,0.6898210713287619,0
10.0,13,0,0.4818372535762582,0
160.5226736915436,1,0,0.12434531744241073,0
61.13582085581053,12,0,0.21427180931025958,0
10.0,6,0,0.06449068045584627,0
10.0,9,1,0.5742935397085736,0
174.6920797053224,12,0,0.6220294792520092,0
46.29813067233213,15,0,0.5057422983554444,0
192.24997409074953,13,1,0.8171021330026149,1
34.88725301710393,10,1,0.8610088213080136,1
47.66802411091594,9,0,0.6156243966831266,0
115.45705953377593,5,0,0.012756479707430546,0
235.77505469686602,3,0,0.6952296557477357,0
74.54305870012954,20,0,0.4179992169203516,1
102.5435762806323,0,0,0.565557483226387,0
313.57024291333454,6,0,0.6490806020188844,0
147.7391502064024,23,1,0.35023661432707676,0
63.78392557341465,8,0,0.9170985051717943,1
10.0,7,0,0.1339748667497812,0
268.6161988352897,4,0,0.6715118072810374,0
15.619058543361922,18,0,0.004359579956580428,0
298.8514172141129,9,1,0.9246511054051808,0
89.12122488862593,10,0,0.1125041332380915,0
407.211868624635,14,0,0.09488423014757463,0
236.8153713003518,5,0,0.33300763305224423,0
915.2342683363346,14,0,0.3735662860390806,1
20.670471385261173,4,0,0.21430007232287862,0
236.57011280446133,18,0,0.5851216609271247,0
102.60485121901557,21,0,0.4429140980419636,0
111.0835354695688,18,0,0.03417558904108742,0
125.37622273572097,9,0,0.31965206225530063,0
306.3072789259081,11,1,0.8104329135731705,1
620.9291292216071,21,1,0.6897015348618686,0
231.30545434212195,3,0,0.7248708535798805,1
94.49943881303288,17,0,0.6981169240835235,0
67.37696039728371,15,0,0.3109730213830333,0
202.31257752432106,7,0,0.09966392207677588,0
50.06997610124397,3,0,0.272467184033096,0
46.67644688003455,22,1,0.8317853001851593,1
79.77803053561193,11,1,0.9804707977830711,0
66.57249971018427,1,0,0.49384701474156134,0
54.38873601843305,3,0,0.00970035492304222,0
68.11835779799459,4,1,0.14004481213422904,1
14.645973059792045,2,0,0.32208057531626577,1
10.0,8,0,0.5785853485929497,0
688.0640962693492,20,0,0.07509364580531397,1
97.69102748459585,17,0,0.9433572987098816,1
63.89492869572803,10,0,0.3650836732844007,0
161.16003794598222,2,0,0.912584217924823,0
42.86529929395523,22,0,0.7805218027570218,0
458.5071339663181,1,0,0.7554372725155811,1
235.45476259396204,8,0,0.606719579782232,0
20.27571926500874,13,0,0.6267838170518446,0
115.08386359653608,3,0,0.6380032352162481,0
338.37230706582574,8,0,0.6287213870255821,0
438.14695229342533,12,1,0.5537282313983612,0
113.32432808055852,17,0,0.9864140184828889,1
121.9086478159147,14,0,0.7322905674256961,1
35.37289938745596,9,1,0.7769463883925212,0
745.6028299085841,15,0,0.8724628150836742,1
35.16980684480502,11,0,0.21563976272584917,0
412.04872115170156,19,0,0.08380415909506078,0
144.2801811484228,4,0,0.48289443659859865,1
118.58067268398133,1,0,0.5140806956192732,1
92.13252472631211,9,1,0.8291817799499177,1
31.925092235993812,0,0,0.4437835792823357,0
10.0,6,0,0.5708530255443127,0
37.67510147206808,16,1,0.5270709385134583,0
48.99556300891547,15,0,0.03820278375739106,0
208.68099003298107,23,0,0.615214896596914,0
95.03202463379654,2,0,0.8280432857742522,1
19.153293020467167,13,0,0.15750054807580383,0
542.1742441914973,9,0,0.5943317339265958,1
309.6914544268573,21,0,0.5936105444464144,0
411.2386876123455,6,0,0.16418496405635874,0
770.1687873495497,16,0,0.12346357373073602,0
46.460004503157975,5,0,0.9800519429764848,0
79.12406502995273,22,0,0.39371916965303755,0
224.0355457218863,21,0,0.22742172872352928,0
155.10741825070357,3,0,0.17132454445437495,1
10.0,16,0,0.6676017135832351,0
265.731514813015,8,1,0.6094452973272788,0
19.158640001603928,3,0,0.6435521229874175,1
47.269288937428925,6,0,0.08800602751145226,0
88.15319151442064,22,0,0.893534583498437,1
151.7826628813712,1,0,0.3892663968090483,1
105.50541053404991,16,0,0.31336940643035793,1
25.437884199242525,23,0,0.4623614472477392,0
327.41134036663357,7,1,0.39006606574762825,0
32.369788281460835,22,0,0.8635770031391459,1
32.446230487104586,14,0,0.9292609751978921,1
334.60256003867613,14,0,0.3034532164496062,0
456.5746157891371,7,0,0.8639358074599548,0
277.0429239897202,15,0,0.7815231295330671,1
209.47560662659026,18,0,0.9308076723447618,0
166.7298761257869,10,1,0.24575031218588783,0
88.76616180824371,1,0,0.5769591501209791,0
15.557618501678785,22,0,0.27454458474044463,0
73.48321066489474,23,0,0.8240944904843742,0
83.52966730335633,16,0,0.005324190571064258,0
39.074953531645384,15,0,0.5648191628863961,0
186.19938127261844,14,0,0.339203431271918,0
117.37728667341395,12,0,0.32268370707782024,0
19.379077667016134,14,0,0.644906323864917,0
43.62755832071804,3,0,0.8514844493139939,0
181.8358709357579,15,0,0.6091953913933262,0
10.0,11,1,0.8531729786467225,0
300.9155670563704,3,0,0.26459711188102997,1
114.77243252708381,2,0,0.5195018547649811,0
77.9246080438087,21,1,0.450536539067076,0
129.7416020147272,16,0,0.011644899503096218,0
260.3860411891189,21,0,0.5568121431407401,0
61.42278440374763,17,0,0.6615243241461749,0
176.66528401979835,17,0,0.5919144044190701,0
153.74133679186968,22,0,0.7362798987834215,0
68.23255639361719,16,0,0.5713395284530771,0
290.09233144742564,11,0,0.06675025485075692,0
251.93891986903088,22,0,0.11644552408471143,0
187.71865179843962,20,0,0.5964745775439524,0
292.88702819502504,23,0,0.2749791919736402,0
324.7627042367988,3,0,0.07964512903476584,0
225.08220705041197,11,0,0.42960274344854676,0
292.58721851527946,22,0,0.5543225980836554,0
184.32312156863216,21,0,0.32874598834960655,0
191.88291324102482,20,0,0.720433702225778,0
147.48821951526605,19,0,0.6437706081012446,0
210.06111960960874,14,0,0.33281836109167195,0
18.8758416049172,22,0,0.7548725289085606,0
350.40021488446513,15,0,0.6486950425330354,0
291.8069250026003,4,1,0.6374453787179021,0
35.09988122501562,20,0,0.553427700787068,0
272.1443889161045,14,0,0.011389668088552796,0
10.0,16,0,0.6965071834768891,0
68.57503323622473,17,0,0.3760417911091565,1
162.09829032107876,4,0,0.9426097101586556,1
38.79892554605519,12,0,0.8179847710772054,0
273.2397429835657,18,0,0.5876944695313122,0
255.8414254387925,12,1,0.25218198181926943,0
108.7002497155512,17,0,0.20371739327766658,0
40.044100967618,13,0,0.3403848376775491,0
40.634167321539536,3,0,0.4765679435800185,0
122.75127241342875,3,1,0.2960655100389471,0
625.6077882454132,19,0,0.5149294953924828,0
189.1266061739754,19,0,0.16537042551318593,0
45.1998679884745,18,1,0.9777128128254999,0
170.99988989939968,12,0,0.10792455496499387,0
143.3040693272683,11,0,0.9319441396543721,0
212.16409986865216,6,0,0.9135780114026949,0
10.0,11,0,0.525360481819498,0
239.32876237356714,20,0,0.7249102718360844,0
150.5931884346536,3,0,0.4360482979725878,0
505.75080886863697,1,0,0.6300345775424382,1
45.15712642832559,1,0,0.3405759374211187,0
189.9457768357423,4,0,0.30115901978544535,0
392.67972837904335,22,0,0.5782297861695137,0
10.0,9,0,0.49812967418398035,0
422.0848457156077,9,0,0.5795363691499811,0
205.74109094799084,8,0,0.286660581287023,0
27.61666707471072,12,0,0.36695783181699526,0
62.00517247147418,6,0,0.08389796062890931,0
194.004419870559,4,0,0.05227637227220572,0
11.32918248208352,9,0,0.25345712967301626,0
142.0650496546147,9,1,0.07424685933054576,0
13.079168172818115,5,0,0.1037747086347407,0
139.56727938982925,18,0,0.8129284053939371,0
11.849624590028847,20,0,0.0388736970166893,0
284.7966450591468,7,0,0.6589427939347428,0
552.2556226278824,0,0,0.2725577488154005,0
516.3859252540402,16,0,0.8715456807081264,1
242.84491251049428,6,1,0.48499228457749954,0
52.364574329368,13,0,0.30557645932782573,0
203.66974829169075,20,0,0.5176389356894345,0
10.0,20,0,0.3819580190452688,0
10.0,16,0,0.5643010646698302,0
49.61467600939207,8,1,0.11453286832634824,0
104.50365091881456,16,0,0.9969905028125511,0
205.5516970098267,4,0,0.42555587769671754,1
149.8555523348723,19,0,0.34823063970736867,0
101.01647258736165,7,0,0.7102098483162649,1
60.544266068197274,5,0,0.3638994064953325,0
861.642999055347,10,0,0.8332743050287577,0
101.2233771317571,18,0,0.45427072436042526,0
77.42275268037481,3,0,0.7195584132654349,0
31.86482362894298,17,0,0.10745321644188655,0
253.97938534784538,0,0,0.8461191855551118,1
176.7975844114118,12,0,0.7357179867781098,0
46.512097660799085,13,0,0.21171677846196568,0
10.0,23,0,0.14528600974578665,0
167.2200414420241,0,0,0.3162923487256244,0
155.30207554586462,10,0,0.9760705860319043,0
32.94631037025617,16,0,0.25683157456705863,0
448.4376776954507,3,1,0.4561272089466333,1
10.0,11,0,0.030020225717336313,0
75.11044593266965,9,0,0.39722752956623253,1
425.6377550525548,5,0,0.5713200154331027,0
76.51497635412491,0,0,0.9531246125079651,0
147.80480374209984,6,0,0.5167360449400644,0
74.78836145416837,20,1,0.8191073261776878,1
57.66408987175347,15,0,0.5471276425689006,0
637.5559208524166,23,1,0.0407850134355181,0
65.98038183984815,13,0,0.31500827518977403,0
312.7238589194369,22,0,0.5755495078311033,0
18.35498362772151,19,0,0.9505939659311243,1
26.20495378293014,19,0,0.8591303597512333,0
10.0,5,0,0.22835561417884764,0
142.7894575074493,21,1,0.2201098300191635,1
43.03252484083231,4,1,0.20117296711390076,0
290.53829227453525,23,1,0.9224988963025031,0
99.77149960770149,20,0,0.8526661531017207,1
529.1129404968314,17,0,0.7748834322529488,0
19.633365676959336,14,0,0.3927351142242276,0
296.1928692666179,5,0,0.5043807042987668,1
206.28262952419843,18,0,0.4643317447951528,0
220.42502317600992,0,0,0.25339810755937264,1
262.47131893837206,0,0,0.505028046148767,0
226.17137315538307,12,0,0.030496547852754463,0
111.89598272485236,2,0,0.13181037349745917,0
13.911504440088123,9,0,0.8865895961689464,1
10.982183786332698,20,0,0.7516797670314233,0
384.13418559858974,2,0,0.42286840905908707,1
197.68182669422697,8,0,0.5171503622838772,1
245.83688133110408,7,0,0.36999888595997743,0
78.44766210362899,2,0,0.7407798671606725,1
16.807589684319744,12,0,0.7841871792320796,0
10.0,5,0,0.7632851902031591,1
171.9348272557715,12,0,0.7226117248344496,1
67.73723684861338,22,0,0.20450433869279583,0
51.877756744948655,19,0,0.3379699792404788,0
90.48059651948896,19,0,0.4698454349836749,0
10.0,11,0,0.3307929914276556,0
118.11965802065453,12,0,0.754940200158329,0
81.77694652893524,1,0,0.3293535242499547,0
233.17123818243604,20,0,0.13823208678533716,0
92.38940044661311,23,0,0.3990404520483041,0
107.38906162166221,22,0,0.9799144327823803,0
11.394622454347358,15,0,0.2258814129335759,0
18.655446292355073,22,0,0.6121586589432291,0
82.63482052718261,5,0,0.4329730498397063,0
59.5178757300897,18,1,0.07102456764932663,0
131.87364764077188,20,0,0.4878766059980595,1
68.62836668485517,12,0,0.7021643286483125,1
177.12967348889578,16,0,0.5132199758278188,0
266.94432872439387,22,0,0.8721060637465811,1
225.96950679308623,8,0,0.28893701665758265,0
40.1458627847653,16,0,0.08624917130396492,0
123.17311053601063,1,0,0.9365656116580061,0
15.387952434111286,18,1,0.378196349528219,0
60.598677958869466,18,0,0.5764055514536334,0
640.247257877054,23,0,0.792003126130196,0
10.0,6,1,0.3243136638755806,0
85.14957366876004,21,0,0.7161645381776112,0
175.66914061435693,9,0,0.13541884981782804,0
176.35363559207462,9,0,0.29129374720550527,0
118.15968401821623,19,0,0.1447106361365199,0
10.0,8,0,0.8112305584013578,0
97.36420719113916,16,1,0.22264923522678537,0
141.90114234314376,14,0,0.7174035554052103,0
58.17094223457029,1,0,0.9432983972456526,0
61.581279454551364,3,1,0.527772209068877,1
10.97751663077051,18,0,0.5400291922606877,1
10.0,16,0,0.46103356809781204,0
105.39531655270471,4,0,0.32589014339364275,0
10.0,6,1,0.4756550309249171,0
130.07562186297068,17,0,0.6028075322667594,0
153.47273392110822,20,0,0.9859915721706594,0
230.07902133183998,21,0,0.9377645593182242,0
16.754457517683072,6,0,0.8621529582931218,0
15.337665056745186,16,1,0.8891305357048583,0
10.0,6,0,0.46784918329204295,0
140.802241307118,3,0,0.6574443271774648,0
200.53591916234603,7,1,0.8950667229362141,0
10.0,12,0,0.39295076499135306,1
417.23993670761365,3,0,0.9617624783454688,1
32.364755897962375,5,0,0.415786062069183,0
106.6387059240754,4,0,0.6010826653932156,0
170.83762279423382,11,0,0.7098047132723719,0
302.5450403646091,3,1,0.9505920130759383,1
211.40462509801816,23,0,0.24461627405226605,0
246.59953350857603,8,0,0.7461309782386423,1
51.578126479813065,3,0,0.5208155861440822,0
262.6457184259493,18,0,0.26855714062064107,0
10.0,23,0,0.7766068397963906,0
351.43473802664136,13,0,0.5522222801738466,1
127.14789858587477,4,1,0.6609738206496758,1
248.82847202705014,17,0,0.322901068577901,0
73.53742982131234,9,0,0.481273951827605,0
137.01223181234417,18,0,0.6173542509880671,0
122.80601882073364,11,1,0.404910814269844,0
221.86528529781936,17,0,0.1983725398477013,0
10.0,16,0,0.961640492315304,1
18.505238768881945,23,0,0.5114675400426174,0
10.0,10,1,0.7339203702877005,1
14.379368364128517,2,0,0.4110471935560581,0
307.48415489294166,22,0,0.35513176402571633,0
18.924455387446415,16,0,0.407164298467125,0
539.8852939193221,0,0,0.4091966437856498,0
48.26787752033667,14,0,0.5441801159419536,0
35.999420163355396,8,0,0.5434698699813632,1
230.13538427102463,14,0,0.49715381588287166,0
116.48780613472836,23,1,0.1347857849174381,0
61.01776325581374,2,1,0.49607547850053113,0
109.43744131019959,21,0,0.1691039004206515,0
199.67157268041598,18,0,0.12613578629576516,0
10.0,12,0,0.9326457173411677,0
831.300081284123,11,0,0.6049500131477042,1
541.5710395531659,19,0,0.6594900581245843,0
185.37971908405248,0,0,0.4017936703333638,0
25.685330536076727,20,0,0.9089808919148642,1
178.6819489861239,16,0,0.6379304895796655,0
14.06574857689326,12,0,0.7691698695235875,0
10.0,0,0,0.36856246902771383,0
60.06095730346922,9,0,0.9600118808191255,1
97.4662253901416,14,0,0.820461290158315,0
314.21836157211783,6,1,0.8539484630145436,1
273.36020095140987,21,0,0.17219426742575428,0
161.9484269224265,17,0,0.2709632078712195,0
117.63046990633424,15,0,0.28562659968357706,0
57.93332951541528,13,0,0.27090922324687117,0
75.29942567015475,17,1,0.8554081621042879,0
658.1993388214507,6,0,0.03188479520859211,0
10.0,16,0,0.0760999889807743,0
291.24979019858563,17,0,0.2739148706299037,0
136.24293591435955,11,0,0.19987297464944365,0
56.258888221765346,7,1,0.23185961388284837,0
208.79981847376587,21,0,0.7979431892533,0
91.70125744217702,1,0,0.5631265938920469,0
287.43456440935785,6,0,0.0057706612929679935,1
337.44401478313995,3,0,0.42932276570419525,0
107.29778954035518,17,0,0.40788492685035893,0
37.90948432244683,5,0,0.11394526944454353,0
141.7711406553288,8,0,0.6761417886014571,0
350.56426541423036,8,0,0.7020971883794911,0
50.642571840976075,13,1,0.7208932190520977,0
160.0233734307404,7,0,0.728470945558592,1
186.74387669975974,18,0,5.282693229680113e-05,0
194.62822335904403,2,0,0.9539208038467222,1
34.5329405505572,17,0,0.814208767054663,0
190.68608715984536,4,0,0.9039816965892853,0
385.505416580647,13,0,0.015643295307434135,1
15.333036364847077,3,0,0.9338587957857394,1
55.58154501061992,6,0,0.8097885286881047,0
529.2326099068931,19,0,0.8372191429586986,1
28.66269467110373,11,0,0.09328738472196851,0
290.8535148524661,1,0,0.7387780289185977,0
106.7179493115659,10,0,0.959916689642091,1
40.274964636716405,13,1,0.6785473414181606,0
311.1951639251378,21,1,0.5705614046246065,0
119.96295998523706,22,0,0.945629677748997,1
128.19347407747208,15,0,0.442937121734436,0
84.1465857266091,19,0,0.5992935663104787,0
125.71241088228437,5,0,0.4763382934943662,0
10.0,22,1,0.9328462213602992,0
93.5166471192761,3,0,0.07608472676550726,0
540.5946421237674,14,0,0.5011197008253482,0
74.24129557862057,23,0,0.6869524413854383,0
148.3089951581808,0,0,0.7919065384222369,1
54.40765755113212,6,0,0.5830186474441363,0
189.94407035556605,11,0,0.908917744121454,1
13.190594820303055,9,0,0.9419914468838717,0
545.022978375249,4,0,0.06431922319358352,0
81.38273074014671,11,0,0.40237053954137436,1
53.19762742867451,17,0,0.02345902172115444,0
10.0,9,0,0.3294166573744429,0
34.3868315801203,5,0,0.5368682179706021,0
87.07092401812388,11,0,0.9107949305099489,0
63.351950963453014,6,1,0.8465543224654029,1
204.98876320030917,17,1,0.12749972667198572,0
80.81365543959916,1,1,0.0930303747408957,1
10.285920672074852,9,0,0.589267338756667,0
168.13472781695648,14,0,0.5321179724587827,0
199.57153809919197,11,0,0.26637764143002385,0
36.74921179219864,16,1,0.8994530845538352,1
57.9399150628017,3,1,0.9273664094615535,1
10.0,6,1,0.40261143834016266,0
234.94678207678626,8,0,0.8903025571135202,0
182.15321005727253,18,1,0.38394889426297263,0
91.817019700915,22,0,0.7368168318297001,0
301.5612765450814,6,0,0.47594221754772414,0
223.60387792717003,22,0,0.12258315650718299,0
115.55936881483476,1,0,0.9279342012370215,1
291.8797995145564,5,0,0.4540965933775366,0
23.991223394305727,17,0,0.7344870403224036,1
10.0,5,0,0.36717381443129216,0
71.61683220112269,12,0,0.01888087857623466,0
10.0,18,1,0.10053035869183591,0
120.67720579222917,1,0,0.4962194794899244,0
402.35015348202137,11,0,0.6899643571263624,1
10.0,14,0,0.33473532657927907,0
24.936229165295952,13,1,0.6954884591776503,0
52.031387736894104,5,0,0.698635589431956,0
406.0586171596898,17,0,0.7039359073278308,1
29.637540881861838,4,0,0.4925218540205084,1
145.90389555031794,17,0,0.914886150121504,0
24.59651439365219,2,0,0.4891965179806156,0
26.200823525892446,2,1,0.4502651934966382,1
672.4867962331002,21,0,0.199380819010627,0
486.44432662367166,21,0,0.3076550873563365,0
11.612421019476002,9,1,0.042334492518303346,0
458.89232847619655,18,1,0.6335352936161702,0
158.16184366194855,2,0,0.24853574392709288,0
329.097255048612,11,1,0.3041552544854651,0
105.62368241939747,15,0,0.7708145216643212,1
114.49988356116613,16,0,0.3272211831614539,0
67.56507620176308,6,0,0.24219589201314218,1
145.67985965424822,12,0,0.16905774913370575,0
20.108439459504094,23,0,0.7748584021819559,0
10.0,1,0,0.12970625799002689,0
32.60613870858865,3,0,0.4537537602503535,0
231.18828564269432,9,0,0.5069301160771944,0
64.14733927056301,6,0,0.6873899126857146,0
179.91012780764652,23,0,0.6332834823329955,0
526.9852957600563,16,0,0.8107206729451748,0
10.546779660245011,19,0,0.04475143392623815,0
148.4484933852357,5,0,0.2964407247793972,0
89.53028633395328,18,0,0.28013411877537975,0
309.0597941318824,4,0,0.14601690559210823,0
10.0,9,0,0.28917825385644313,0
183.63700980195102,8,0,0.3097653141429034,0
270.0254482631519,12,1,0.5218844619274783,1
395.8587069494931,18,0,0.6637044789262561,0
155.23773503210327,20,0,0.3811005136118141,0
94.85478122329806,23,0,0.7194702313133812,1
182.04398147944502,5,1,0.33616533857958,0
315.90599889586184,3,0,0.29028367731476035,1
100.09873242835305,23,0,0.5411880558570243,0
14.34947344843852,2,0,0.023716360305790607,0
369.98974631610866,2,0,0.07978912363400037,0
197.10245147941401,3,0,0.41796954358652705,0
159.8671385455658,4,0,0.9429127113917565,1
34.56707592792018,7,0,0.7215117798434236,0
187.8464820010571,15,0,0.08812656950055775,1
49.35446336269382,21,0,0.8463180127808737,0
130.06030665082565,2,0,0.732300770608181,1
10.0,23,0,0.6109465257026532,0
181.64142479026484,11,0,0.8202929606091773,1
1085.8715149461239,7,1,0.4041098477429571,1
10.0,12,0,0.22150105085385274,0
557.9562897161544,3,0,0.5120233891087593,0
89.395668366408,13,0,0.5488417555934738,0
330.91025414713954,13,0,0.5383263720099121,0
219.49128129843592,12,0,0.5650737914801053,0
117.32973374666281,5,0,0.9487049182391808,1
224.24703256301373,16,1,0.9022456230962314,1
278.8005311498425,3,0,0.8757170365589394,1
69.89209629364521,7,0,0.8014168109086272,1
63.21736151715213,16,0,0.9434281072652854,0
174.19382200154672,2,0,0.09849464167940325,1
237.22254258184333,16,0,0.2651232614457395,0
216.19132555719364,8,0,0.4950559456545849,0
190.01827439890653,1,0,0.8465344931234052,1
72.629406264606,12,1,0.5051657115227325,1
264.49589020896883,19,0,0.7480347393415887,1
10.0,1,1,0.13895990524891622,1
119.13002868343439,19,0,0.2524138129765602,0
10.0,10,0,0.7317760950376724,1
52.01339462432288,21,0,0.16473400888772405,0
71.87445981430933,14,0,0.35135593465492676,0
56.41540397260786,10,1,0.2648662578135714,1
174.2142497107507,22,0,0.3498616942224785,0
85.99462479849542,2,0,0.7083240490779703,1
92.45914705395796,2,0,0.367847181142801,0
28.950971918517975,11,0,0.5552633226079402,0
74.56588816841729,23,1,0.09993187705440965,0
52.965960442689685,4,0,0.8050176932346278,0
10.0,19,0,0.36988862564812486,0
161.9239205968864,6,0,0.6485341590333424,0
158.7641264870389,6,1,0.7253896016618326,0
153.44635818706735,12,0,0.2096609221117004,0
117.34658072544667,8,0,0.88467498495335,0
44.220077772375674,20,0,0.6162242516069529,0
284.34308823566226,12,0,0.42872514175148146,1
104.03773430272494,11,0,0.18233518357821954,0
82.17808830479885,12,0,0.9423009379012067,1
38.59521460803834,23,0,0.7550682041316251,0
45.4757403350838,9,0,0.20802456273324887,0
60.64176914508345,0,0,0.3377107747242245,0
80.41760776175941,7,0,0.8096742580880733,1
106.14366770826882,21,0,0.695677663215339,0
106.49395141780505,15,1,0.7657842927157243,1
146.78676896622648,12,1,0.4412011022129324,0
210.49376123038195,2,0,0.7164762626421669,0
249.61782304477575,2,0,0.3864937228639137,1
179.3560693257412,23,0,0.21126291693819643,0
436.6304025670155,4,0,0.63267703484136,1
10.0,10,0,0.9760139255987942,1
67.78064803982177,6,0,0.3106009713953296,0
10.0,20,0,0.46096959221253964,0
160.90022130611374,23,1,0.6740013710698536,0
356.31675661230867,9,0,0.5415062821224879,1
16.46779171073204,9,0,0.8434277957090492,0
426.7156680961499,19,0,0.7617427064695159,0
13.370561219264136,1,0,0.05829720386235704,0
441.3464764317999,2,0,0.998421233923774,0
50.33171198550098,7,0,0.7524024537194672,0
52.40230765994703,10,0,0.8639033162941132,1
115.29549221560741,12,0,0.6511977120953464,0
55.574586178772954,6,1,0.8562851280467623,0
54.97473797581225,12,0,0.11238297492870941,0
50.1009957127028,1,0,0.3477378355593156,1
267.713086164291,5,0,0.8764209436044927,1
119.01326811770001,8,0,0.20165521126689223,0
16.602710291274832,19,0,0.07824209858002273,0
119.0259849090368,1,0,0.788118939945219,1
185.17984365336025,17,1,0.8354861556432962,1
53.94674099451801,15,1,0.1626522181899006,0
78.9181803158674,11,0,0.8543459827827155,0
43.87625972408334,6,1,0.6867677955971696,0
10.0,6,0,0.5200826832165839,0
174.31181262402873,16,0,0.830250192781385,0
10.0,12,0,0.4192492493189658,0
126.91192086949837,10,0,0.1939939562233972,0
183.29947562711277,5,0,0.28485267661061364,0
25.346831968552927,22,0,0.5051640182933148,0
108.3831716734267,13,0,0.5313307926731757,0
70.05994264702764,5,0,0.8055808264412336,0
515.0639390523659,5,0,0.7913527236523344,1
110.78614175925881,1,1,0.5813665572045749,0
243.38846267803507,21,0,0.7807854833654764,0
131.44883320494432,19,0,0.19177345829367098,0
10.0,14,0,0.05006452709329434,0
167.5320107165671,16,0,0.8736338226347001,0
486.6196959051883,7,0,0.07555449376276957,0
159.4614746126574,4,0,0.2466884297439973,0
241.95328281001116,16,0,0.6953189496243846,0
330.620325868567,19,0,0.40944793762730913,0
12.968279000302083,0,0,0.8763139699155088,1
47.19492035053688,21,0,0.29797979466226954,0
150.6311279636803,17,0,0.011871346669359295,0
42.01028805939331,14,0,0.3006556405607441,0
251.52157044709134,4,1,0.5780750491848317,0
339.759675122053,6,0,0.37593837540329333,0
59.391876820710685,17,0,0.5348727557587553,0
16.359603482890357,5,0,0.8765981188350187,0
235.25746895591098,21,0,0.9124850542303685,1
53.226890588935106,20,1,0.2659740646541121,0
255.52895618828487,4,0,0.4621404732699007,0
67.56316511014427,18,0,0.5491440152414512,0
186.1639680091368,9,0,0.9491124568882471,1
48.16994485543478,14,0,0.9986173191643847,1
136.99758068287537,9,0,0.23540724884152664,0
77.91508235132135,15,0,0.7269798713458154,0
142.32816891823063,11,0,0.37803106223319516,0
20.430399643533963,17,0,0.008108196886213226,0
197.4802516990152,22,0,0.009252522435902355,0
312.73720251627503,0,1,0.46056600756225574,0
10.0,15,0,0.4883349130043346,0
41.45757818647353,21,0,0.022569696573442655,0
10.0,5,0,0.6869274167743025,0
145.84154031619448,2,0,0.2940033885949531,0
138.3430629141587,1,0,0.5598931015359494,0
117.92789910794524,1,0,0.30091907316541877,0
10.0,12,0,0.1671343148693072,0
104.2661643088455,8,0,0.4071737385988753,0
136.21291977631068,15,0,0.23227336479050076,0
111.8652998577349,4,1,0.5348009769191681,0
679.8009699186798,22,0,0.19882853028647995,0
10.0,20,0,0.5084059766446271,0
187.65707234377413,6,0,0.15737851486886756,0
72.35461830358405,12,0,0.670974709485785,0
100.78021435208723,19,0,0.7539376844414241,1
147.11888080582804,23,0,0.11039423424993378,0
174.8790002931468,12,0,0.4678024120373392,0
698.8516080639762,6,0,0.07087170065487358,0
29.257977633170576,9,0,0.5981824455420024,0
25.891471253462356,14,0,0.26440429792964537,0
179.13489695459083,20,0,0.5276244568387078,0
115.30661028667619,5,0,0.5174610093842912,0
45.85068149635733,4,0,0.9243543461938004,0
10.0,22,0,0.5490832225687229,0
30.27230456862873,1,0,0.5829984797183156,0
329.53363286088944,20,0,0.4016531257643803,0
10.0,14,0,0.9490796031828168,0
51.098507809701,15,0,0.7771859094396096,0
17.783898097465546,18,0,0.28540529030284156,0
33.1493689123442,8,0,0.8442095857762321,0
10.0,21,0,0.43239636018509,1
111.99001774048962,18,0,0.8286671435335939,0
37.07384352158083,6,0,0.822888068293502,1
247.9469958011874,3,0,0.1888701867628544,0
27.799528388316105,2,0,0.7011411313835769,0
125.60128757570325,23,0,0.2906429693065311,0
308.95661626908145,19,0,0.2974926699926682,0
143.95779867827673,10,1,0.29634807688058074,0
91.11309152155006,0,0,0.7255682475599482,0
23.77183023758753,5,0,0.22982604179253607,0
52.94674105238811,10,0,0.0009058352460902253,0
169.22744238386306,0,0,0.7152368534826331,0
768.9920278057979,20,0,0.17118474383512527,1
154.3157204858375,6,0,0.10448239530783465,0
103.47840543126156,5,0,0.23751612059406013,0
208.92675246262107,13,0,0.379900522322704,0
67.53830079842963,1,0,0.4759063274732007,0
24.824584799352138,3,0,0.04457004071263082,0
103.88779864305965,10,0,0.9705733326273605,0
459.1318093472396,14,0,0.7160630534195581,1
10.0,17,0,0.32319406532433614,1
165.65177083252595,0,0,0.31869725728539733,0
53.15295073089827,2,0,0.4485425493684594,1
125.4374756728461,2,0,0.626244822763033,0
34.81961479591484,6,0,0.14637306658896776,1
100.21959959556082,0,0,0.18892981376495233,0
189.6151022107611,10,1,0.8594345828335509,0
57.44227973626697,5,1,0.25625492388907256,1
148.400208349064,19,0,0.38019499797517753,0
264.6528945182333,2,0,0.871271850950117,1
369.0244309771051,18,0,0.6631478293998225,0
57.98570694511557,1,0,0.34171187934168834,0
94.3119973393556,17,0,0.6836995457246208,0
61.39720583268216,11,0,0.01968321538141371,0
725.4045124546183,9,1,0.7356426600113652,1
406.8428077653891,4,0,0.4870160405162395,1
162.09837655064524,8,0,0.8131821472844613,0
264.45281527062184,1,0,0.9546376520064683,1
79.69423834409574,1,0,0.9257885494945683,1
108.95952661510434,5,0,0.9092650434553408,0
28.2565875086799,9,0,0.5121699559338871,0
173.47721111218917,17,0,0.36014211413893804,0
13.04921922557761,11,0,0.46503532473067277,0
271.10957398108013,3,0,0.6898960033133608,1
232.21187078939806,21,1,0.8839977768711867,0
193.5421576477248,20,0,0.20698630300011955,0
10.0,16,0,0.918193158461703,0
79.75042227400039,14,0,0.8151802319698891,1
26.751693262093184,5,0,0.9788560151782346,0
53.43513653375692,15,0,0.8802517732816871,0
10.0,16,1,0.27993732969190666,0
431.1965313710633,2,0,0.10595591134404769,0
139.0569245823785,9,0,0.11224107199158861,0
63.71422467851049,4,0,0.2912233185782761,0
99.54098800378841,13,0,0.6141837239845392,0
65.35372298886692,20,0,0.8043203260971725,0
171.01113276414154,12,0,0.8992503069815647,1
139.2160102410611,5,0,0.6237533843692328,0
392.4359969225619,11,0,0.0056313127480537295,0
138.69985511353963,7,1,0.1863167765185335,0
694.1070256504798,4,0,0.09972620385336795,0
275.51080427398904,14,0,0.36332447556901004,0
20.36973336227573,15,0,0.5013509936337459,0
414.599505563475,0,0,0.04339717857856085,1
10.0,15,0,0.3484779757956553,0
270.2593390883586,4,0,0.17917967462532258,0
99.26696567999885,2,1,0.6470701662588739,0
329.4326232381654,19,0,0.46427236932434,0
309.482458346574,14,0,0.4953176469339088,1
226.16943193560215,12,1,0.4276917880334611,0
217.18188471213188,23,0,0.956019710486567,1
79.49965854470135,15,0,0.21473512512156323,0
28.244179458219065,22,0,0.5166642598438743,0
76.59035432379406,10,0,0.7360173683653359,0
20.229562589680825,20,0,0.5568444131345626,0
137.57631518439356,1,0,0.9290208857168011,1
42.30301555827718,21,0,0.37796835564128417,0
595.2669270618569,5,1,0.463675805773178,0
128.0441557603693,5,0,0.08852231521472842,0
263.0908727359123,13,0,0.6089991110519285,0
41.47411077888789,10,0,0.28821196844810604,0
271.9925281404218,7,1,0.16030903951556885,0
387.8144267880416,7,0,0.5445312929045081,1
118.8983318324505,0,1,0.5323102633799106,0
140.0569689118936,20,0,0.07587164122404755,0
274.472171263111,6,0,0.6982154534944728,0
10.0,5,0,0.6237721906508529,0
125.91845283013677,20,0,0.1890172827464972,0
72.83393760250587,7,0,0.46943486215404384,0
39.17771975352265,18,0,0.72032291647856,1
77.54556540249465,21,0,0.5294357405412765,0
10.0,20,0,0.3954890761835702,0
10.0,23,0,0.32233845808094364,0
10.0,19,0,0.6103938666440536,1
507.057951007994,7,0,0.9391086983102406,1
125.58258430352895,13,0,0.6717448404774834,0
519.199878155478,17,0,0.0747459036363155,0
106.13898515298048,15,0,0.4606849734821338,0
63.407281053799835,8,0,0.8908241315106276,1
108.78783461256049,14,0,0.09446242580108688,0
69.22066686075641,9,0,0.9888757121375433,0
10.0,21,0,0.9490693936454213,0
177.32707306317053,15,0,0.07827448072987586,0
65.23595241386917,3,0,0.9334133204495549,1
140.21283394962347,19,0,0.3631325902594622,0
158.47958084375844,12,0,0.8447091670758625,1
10.0,21,0,0.4183833377132715,0
32.951968247928605,4,0,0.44085511270251587,0
240.9476604574251,21,0,0.6342430909775426,0
131.19684204298292,6,0,0.7744774192759833,0
10.0,22,0,0.033789150948248636,0
783.2296385301354,8,0,0.5931559955271343,0
13.556480664174998,7,0,0.18673299409737099,0
191.0636427795381,15,0,0.34594951786320294,0
612.9813588975903,5,0,0.3479686661552165,0
23.544570734498045,15,1,0.4690603402211536,0
40.644429763509166,5,0,0.3341364118761734,0
33.83396815451303,13,0,0.10736111845066776,0
35.87922387989197,20,0,0.14562873852545144,0
43.087336554844136,0,0,0.03343798556109767,0
200.13089467315956,8,0,0.4702490853287543,0
12.33339951488492,23,0,0.9544476948529885,0
108.41764511271626,12,1,0.11567522364811655,1
868.0131384423083,18,0,0.946264493003082,0
235.04325509638213,16,0,0.7333615147320935,0
143.86294107626267,10,0,0.6374988029341632,0
11.799654070864186,7,0,0.6452777553235629,0
164.21248433291225,22,0,0.8267276483962821,0
81.08226893309295,4,0,0.10691986437982137,0
113.35907076608434,9,0,0.5047543235655417,0
14.409436999722763,6,0,0.6970911382607585,0
322.2973193331836,9,0,0.5868204450735637,0
77.06215134722721,3,0,0.8327790710232946,1
26.70584983077051,8,0,0.07227170901135149,0
97.14340441040102,13,0,0.690701039499166,0
30.442367062318503,1,0,0.5340277303847177,0
289.17597038534376,8,0,0.3791608639799434,0
205.18201805092588,20,1,0.34027498223403085,0
195.85831596838443,0,1,0.6208326327741929,1
10.0,22,0,0.8909953746442648,0
114.24556451031037,9,0,0.49617592610111527,0
79.56707055686948,9,0,0.8247231640769201,0
10.0,19,0,0.4021563818439675,0
67.87419645056853,21,0,0.10239446279317654,0
221.01975978287498,2,0,0.06150573645863855,1
10.0,5,0,0.051334371323677574,0
119.29025629782112,5,0,0.38015014195766994,0
15.834259738728523,20,0,0.33723775083584207,0
23.845652505768747,1,0,0.7179370236225695,0
62.630263575007575,17,0,0.7428215015848658,0
569.3083774478706,22,1,0.05085396883373983,0
249.8061949191724,1,0,0.22112326288901496,0
516.4758950260324,11,0,0.2742618501588997,1
100.3655701644397,21,0,0.5476119841428094,0
10.0,4,0,0.14451522390695026,0
128.0869998069003,19,0,0.13394121940000037,0
132.59508565378155,6,0,0.943788889207958,0
258.73344324625435,23,0,0.804202907297781,0
10.0,15,0,0.1806549020911703,0
108.81418110650598,19,0,0.40656780790549096,1
23.308330577573887,0,0,0.35562199925756555,0
39.23831764450938,0,0,0.7910040740654073,0
222.98113882832806,16,0,0.5102129164781221,0
143.34554343408786,0,0,0.12784973699346702,0
74.63651364371702,20,0,0.7389920631562439,1
57.16786522906673,19,1,0.39688797822491895,0
61.29511363646898,12,0,0.26292424763214706,0
235.7386499085932,8,1,0.37549862202072015,0
356.03882431488717,14,0,0.49775656360689635,0
475.7870643832526,2,0,0.34311551641700944,1
231.85336774997756,13,1,0.24190577259175783,0
45.054160804821564,22,0,0.39850202880398033,0
152.9343175477913,10,0,0.019172910749898242,0
103.02715053123173,23,0,0.7724978460963139,0
62.36478846505837,21,0,0.1709448935675858,0
244.7919631947721,11,1,0.043904613630637246,0
37.67439707517708,12,0,0.6536986929050792,0
359.5357383739358,12,0,0.7739361288236722,0
120.83078312880781,0,0,0.8138291315928432,0
125.2435897304813,23,0,0.49350918266059995,0
134.22020224913055,9,0,0.2053681846899853,1
335.2581485135072,2,0,0.7372276772498267,1
161.92212233854454,23,0,0.6997130771543372,0
178.68909607517008,3,0,0.24627073410317324,1
24.468158393588443,15,1,0.903407755862793,1
104.74508076214205,7,0,0.104371458082829,0
10.0,15,0,0.9826882395913257,1
225.18779932579477,16,0,0.8602478109774646,0
88.39010133379995,18,0,0.6878986454790752,0
203.59132309617266,21,0,0.9387498882798329,1
10.0,14,1,0.7223111683237078,0
45.10223165262879,15,0,0.19045699703004593,0
202.56668279862458,14,1,0.44215613811281174,0
10.0,1,0,0.07150302433163536,0
10.0,10,0,0.3896574222881154,0
10.0,0,0,0.7416030197372087,1
478.8203067804732,14,0,0.3864433509308174,1
202.17353637670345,18,0,0.3302941754681341,0
53.493417198680774,3,1,0.5953557225103119,0
49.448068978162176,10,0,0.872204528998895,0
66.12050819441501,4,1,0.04758319254611243,1
180.94274807145132,2,0,0.3854704346997354,0
171.59071494004945,12,0,0.1582407418152627,0
11.126648772163811,9,0,0.6953542507318696,0
10.0,10,0,0.10572456043113487,0
10.0,17,1,0.6648077585802445,0
126.07721154766912,1,0,0.2861808707979073,0
189.7166198213116,6,0,0.1989168137372247,0
32.011773280428734,8,0,0.9363525578249854,0
42.24029551827363,9,0,0.018524576745955867,0
10.0,17,0,0.43777727188956894,0
519.203252550962,22,0,0.02162699246179378,0
60.53791252567038,6,0,0.483593048104329,0
222.56691021992,6,0,0.5010473777944182,0
145.44100660868583,2,0,0.321662471394747,0
48.269498102413976,11,0,0.13216177752502367,0
63.56025380896977,6,0,0.3763875377344753,0
55.555446231322875,16,0,0.672262939932566,0
109.52867038946836,0,0,0.7823958086444591,0
203.02371193341006,4,0,0.5307506023881423,0
149.2871381870162,15,0,0.5898343944397556,1
94.05908825476703,14,0,0.2006163711246527,0
16.54779916548366,1,0,0.28733033322764945,0
504.0462854149008,8,0,0.16189561005235842,0
283.75553868278604,6,0,0.24929535000461134,0
75.78191118251901,3,0,0.22488678022553177,1
590.832566520227,19,0,0.5194487863912376,0
158.69059593681664,17,0,0.5626887557907294,0
153.11083379387372,20,0,0.9449474208215045,0
195.51354446958732,3,0,0.19557064710152305,0
234.18908518574224,12,0,0.6416757101614959,0
161.8387448716004,0,0,0.8172592689875229,1
37.79407178701662,23,0,0.5602414637830525,0
64.7152918203946,2,0,0.2550036525010757,0
363.29779631981097,15,0,0.2625502300200002,0
22.10296930162474,21,0,0.03925305307099991,0
68.34270914001439,3,0,0.3054442265484817,0
83.35207192129305,22,0,0.7446036790033801,0
126.26432467429609,15,0,0.04751775720711038,0
114.65641323485482,18,0,0.21929528250483066,0
440.01709240374686,0,1,0.7062324985317819,1
71.08457080769375,4,0,0.7826515628228766,1
64.86013560919878,18,0,0.4553184100619284,0
24.91004932040049,21,0,0.6980743384786489,0
336.7840512194868,23,1,0.387952168654892,1
167.08381930540713,10,0,0.15991324502412751,0
54.42090131291857,12,0,0.3981494935229065,1
251.90277414142196,19,0,0.5799678202031429,0
305.1115186699553,4,0,0.9480532818528903,1
230.4772974927676,20,1,0.06875095208867732,0
390.50132129238744,3,0,0.5073940938449606,0
46.12474393543165,3,0,0.3289197782107244,1
206.550735187893,3,1,0.5083116942766945,1
133.51510009220829,3,0,0.023975447376531678,1
263.2739826852067,19,0,0.3130253547015813,0
187.50230050891292,20,0,0.819868147527005,1
264.54737912393364,17,0,0.5539417338546375,0
143.49640250563422,17,0,0.4505824928161174,0
18.295723984861105,15,0,0.2855250717153396,0
115.18704516021369,8,0,0.2980425227913559,0
643.5036788951328,17,0,0.38310143359058446,0
419.7759583481811,21,0,0.8355707099645604,0
10.0,1,0,0.9672132068082684,1
16.371898910069447,20,1,0.4386553813503745,0
10.0,3,0,0.39335283874776183,0
192.63865720459714,11,0,0.8465507758198628,0
263.9023402769735,6,1,0.4269053206363036,0
44.39066637026737,14,0,0.5520181722956512,0
70.21800699496131,6,0,0.23094166459874443,0
296.82658032288765,21,0,0.7435025357790752,0
203.01591971700893,20,0,0.5319883182707819,0
144.90126269494738,16,0,0.8090345502403417,1
142.7509422313183,15,1,0.7807327300286697,1
128.52790666497614,18,0,0.21500476827002857,0
62.30773372924561,8,0,0.7156355505577624,1
151.79348624427828,13,0,0.8000544079513714,1
185.58405738487744,16,0,0.3461072407823951,0
307.95880633725983,4,0,0.17260911290227454,0
197.15901764016579,1,0,0.00263215557958818,0
232.55079938342672,19,0,0.45090365309314817,0
37.640688993456834,15,0,0.3524327315388416,0
67.33508946918968,13,0,0.5549098338254089,0
10.0,13,0,0.18804109258878576,0
48.343859746517104,0,0,0.8596655476664752,1
197.3574767970577,2,0,0.25775521562810966,0
708.4428648327545,6,0,0.22642960508764998,0
18.486810448905118,14,0,0.48071405648435594,0
108.7704270690848,18,1,0.49885102374427426,0
255.37697232626823,19,0,0.21508522878509284,0
11.409958994179796,1,1,0.27186072672591577,0
119.25061030928349,18,0,0.16970523915524494,0
182.01672276816913,8,1,0.7184601783231668,1
135.80722724654362,18,0,0.7700890312540819,1
22.970496782424654,4,1,0.4623284974592826,0
56.312293926368504,17,0,0.7140870226850174,0
204.62429879463022,15,0,0.7359353919374455,0
118.63855664906266,3,1,0.1382755276778086,0
10.0,11,0,0.9661780248345367,0
156.0989862240982,6,0,0.821031947096431,1
46.45192208676639,13,0,0.2044834611958235,0
227.18141228729004,22,1,0.18616503574607024,1
26.411345799280905,11,0,0.12566114557958274,0
476.1518889287799,2,0,0.13837856254191838,0
45.38273424708926,4,0,0.7481617990286962,1
93.30070920172076,16,0,0.46965425695162355,0
62.12751514573007,9,0,0.7829341727398672,0
57.84085251725908,9,0,0.7462548943502054,0
334.38095471020273,10,0,0.6046127135052216,0
844.817670185037,16,1,0.6863666065786795,0
42.1688564627984,4,0,0.01835572437914179,0
81.06064169728228,12,0,0.31177764680502196,0
194.6969650221756,9,0,0.6378221792594102,0
316.90039754458326,8,0,0.0093449534862442,0
130.4845887530918,16,0,0.03297694368259341,0
72.69209876820743,0,0,0.8518879824703832,1
78.19539651524136,3,0,0.6840248616920718,0
179.46601012332633,3,0,0.26536973312034395,0
10.0,17,0,0.687962840118709,0
130.63526485132908,8,0,0.7924566691392633,1
40.19875644546305,17,0,0.30679428311010126,1
256.6819342103434,13,0,0.03603737749918745,0
10.0,14,0,0.9327791246877345,1
156.155255273014,5,0,0.3451798382956305,0
126.09686222929858,23,0,0.10648176328470638,0
148.17618773154427,9,0,0.4918568713931474,0
10.0,14,0,0.7684677956641338,1
122.89308382387583,3,0,0.22164731461755915,0
122.3703648646557,17,0,0.26949005013336336,0
103.16031956652432,17,0,0.24271498679858317,0
128.45285202994688,16,1,0.9916730528316782,0
199.87246265083016,11,1,0.19740373373054254,0
258.50343976343373,6,0,0.575520216966124,0
28.678495631375394,15,0,0.9252646416569643,0
229.535769929776,10,0,0.14689656887777924,0
96.909346086746,13,0,0.9708541978677002,0
10.0,2,0,0.9474772343956246,1
18.97423765852497,18,0,0.8845719870582626,0
50.31719200268505,17,0,0.21455652133000225,0
240.72571991678848,9,0,0.6340550560109833,0
223.18948840432222,5,0,0.7608914729612402,1
249.4211199199249,12,0,0.9860279281964297,1
108.28260483566277,9,0,0.18042382208137042,1
83.3630773636196,17,0,0.7660258995192964,1
16.795494950435,19,0,0.33880116992711296,0
83.28039054889769,15,0,0.17562646556800232,0
72.83304366385892,5,0,0.42137694121385494,0
14.820534920383912,12,0,0.7938359121486164,0
38.410891334713654,3,0,0.46484980370405216,0
126.74388321258351,22,0,0.5375231002030485,0
172.13032507877313,13,0,0.9951594102001212,0
967.2804221674747,0,1,0.399109299557426,0
404.49326122353966,19,0,0.6154007547092398,0
164.32515585916227,4,0,0.36524420161537186,0
71.36019036350632,7,0,0.39278564632870494,0
176.07974534323913,11,1,0.6956407534454081,0
213.487419587227,1,0,0.9378869760948835,0
53.132475353262954,11,1,0.5423589504923214,0
44.1680024788941,4,0,0.7683999289487798,0
283.3973780668424,21,0,0.08920655881696382,0
82.14418919326944,4,1,0.21115803743192696,0
111.33891307268911,12,0,0.5021316409195324,0
141.41372113698108,8,0,0.02001172362877479,0
56.17908408775581,9,0,0.2528549787625588,0
23.131537395258277,0,0,0.5174012898249661,1
71.13993676311154,2,0,0.014961198256300712,0
10.0,17,0,0.2645462862260417,0
10.0,11,0,0.5140308194758695,0
299.8817691188898,2,0,0.5731492479812457,0
36.20329029666418,8,1,0.9257516930553055,1
86.01858976959863,1,0,0.6453456232506078,0
49.269643932290315,2,0,0.41473580252999376,1
465.0775321870495,13,0,0.9303511771330678,1
10.0,3,0,0.7848829833877943,1
63.20135423000168,18,0,0.2000089211127476,0
339.16559863093147,12,1,0.13084236134881977,1
313.86502751807393,6,0,0.675811635742733,0
28.819302417778616,11,0,0.5598831655769838,0
218.63033253678623,2,0,0.7896736137927557,1
133.84199200855141,22,0,0.7388050500786865,0
130.8366774680528,22,1,0.625211533857515,1
35.06944828993005,8,0,0.9863821716288922,1
10.0,1,0,0.5335897301104087,1
194.27892840095512,21,0,0.11310575650171983,0
99.70696056863089,8,0,0.8282735648159884,0
92.74860171348124,11,0,0.251853362345709,0
225.1470689598824,11,0,0.7773021481439183,1
235.14154566785584,14,0,0.9571070960000514,1
10.0,1,0,0.6967955139643413,0
168.8578309379178,17,0,0.5960301609498011,0
28.077922729444314,12,1,0.4603861756750406,0
222.51279909128075,13,1,0.36440986599540326,0
189.81493227796363,4,0,0.35300475097183626,0
448.41331290377764,9,0,0.6363727057095906,0
10.001124552150584,11,0,0.7512731169377459,0
10.0,9,0,0.6785170694844144,0
18.374755531920485,23,0,0.19841010119356273,0
